{
    "animation": [
        {
            "name": "Root",
            "time": [0.0, 0.05, 0.1667, 0.35, 0.5, 0.7],
            "transform": [
                [1.0, 0.0, 0.0, -5e-06, 0.0, 0.137241, -0.990538, 0.000946, 0.0, 0.990538, 0.137241, 0.547782, 0.0, 0.0, 0.0, 1.0],
                [1.0, 0.0, 0.0, -5e-06, 0.0, 0.17361, -0.984815, -0.004985, 0.0, 0.984815, 0.17361, 0.555101, 0.0, 0.0, 0.0, 1.0],
                [1.0, 0.0, 0.0, -5e-06, 0.0, 0.303364, -0.952875, 0.000946, 0.0, 0.952875, 0.303364, 0.737448, 0.0, 0.0, 0.0, 1.0],
                [1.0, 0.0, 0.0, -5e-06, 0.0, 0.326675, -0.945137, 0.000946, 0.0, 0.945137, 0.326675, 0.737448, 0.0, 0.0, 0.0, 1.0],
                [1.0, 0.0, 0.0, -5e-06, 0.0, 0.326594, -0.945165, 0.000946, 0.0, 0.945165, 0.326594, 0.737448, 0.0, 0.0, 0.0, 1.0],
                [1.0, 0.0, 0.0, -5e-06, 0.0, -0.001254, -0.999999, 0.000946, 0.0, 0.999999, -0.001254, 0.737448, 0.0, 0.0, 0.0, 1.0]
            ]
        },
        {
            "name": "Thigh_R",
            "time": [0.0, 0.05, 0.1667, 0.35, 0.5, 0.7],
            "transform": [
                [0.991439, 0.116803, 0.058354, 0.124994, 0.075218, -0.876244, 0.475959, -0.002831, 0.106726, -0.467494, -0.87753, -1.2e-05, 0.0, 0.0, 0.0, 1.0],
                [0.995355, 0.094428, 0.018745, 0.124994, 0.061397, -0.772611, 0.631903, -0.002831, 0.074152, -0.627816, -0.774821, -1.2e-05, 0.0, 0.0, 0.0, 1.0],
                [0.995249, 0.093928, 0.025619, 0.124994, -0.007727, -0.186101, 0.982501, -0.002831, 0.097052, -0.978029, -0.184491, -1.2e-05, 0.0, 0.0, 0.0, 1.0],
                [0.991291, 0.091437, 0.094767, 0.124994, -0.104414, 0.10724, 0.988736, -0.002831, 0.080245, -0.990018, 0.115854, -1.2e-05, 0.0, 0.0, 0.0, 1.0],
                [0.990328, 0.057393, 0.126312, 0.124994, -0.097251, -0.36215, 0.927033, -0.002831, 0.09895, -0.930349, -0.353067, -1.2e-05, 0.0, 0.0, 0.0, 1.0],
                [0.989733, 0.051796, 0.133214, 0.124994, -0.017418, -0.88137, 0.472104, -0.002831, 0.141864, -0.469576, -0.87142, -1.2e-05, 0.0, 0.0, 0.0, 1.0]
            ]
        },
        {
            "name": "Leg_R",
            "time": [0.0, 0.05, 0.1667, 0.35, 0.5, 0.7],
            "transform": [
                [1.0, -1e-06, 0.0, -0.0, -0.0, 0.133119, 0.991099, 0.374726, -1e-06, -0.991101, 0.133118, 0.0, 0.0, 0.0, 0.0, 1.0],
                [1.0, -1e-06, 0.0, -0.0, -0.0, -0.01255, 0.99992, 0.374726, -1e-06, -0.999922, -0.01255, -0.0, 0.0, 0.0, 0.0, 1.0],
                [1.0, -1e-06, 0.0, -0.0, -0.0, 0.065328, 0.997863, 0.374726, -1e-06, -0.997864, 0.065328, 0.0, 0.0, 0.0, 0.0, 1.0],
                [1.0, -1e-06, 1e-06, -0.0, -0.0, 0.624335, 0.781158, 0.374726, -1e-06, -0.781159, 0.624331, 0.0, 0.0, 0.0, 0.0, 1.0],
                [1.0, -0.0, 1e-06, -0.0, -0.0, 0.954423, 0.298463, 0.374726, -1e-06, -0.298464, 0.954418, -0.0, 0.0, 0.0, 0.0, 1.0],
                [1.0, -0.0, 1e-06, -0.0, -0.0, 0.977712, 0.209963, 0.374726, -1e-06, -0.209963, 0.977706, 0.0, 0.0, 0.0, 0.0, 1.0]
            ]
        },
        {
            "name": "Knee_R",
            "time": [0.0, 0.7],
            "transform": [
                [1.0, 0.0, -0.0, -0.0, -0.0, 0.00567, -0.999984, 0.469509, -0.0, 0.999984, 0.00567, -0.000537, 0.0, 0.0, 0.0, 1.0],
                [1.0, 0.0, -0.0, 0.0, -0.0, 0.00567, -0.999984, 0.374726, -0.0, 0.999984, 0.00567, -0.0, 0.0, 0.0, 0.0, 1.0]
            ]
        },
        {
            "name": "Thigh_L",
            "time": [0.0, 0.05, 0.1333, 0.1667, 0.2, 0.35, 0.7],
            "transform": [
                [0.996785, -0.078275, 0.017102, -0.125006, -0.039896, -0.299803, 0.953166, -0.002831, -0.069482, -0.950784, -0.301962, -1.2e-05, 0.0, 0.0, 0.0, 1.0],
                [0.995612, -0.093565, -0.00153, -0.125006, -0.051537, -0.561906, 0.825594, -0.002831, -0.078106, -0.821892, -0.564262, -1.2e-05, 0.0, 0.0, 0.0, 1.0],
                [0.998037, -0.061102, -0.013715, -0.125006, -0.052548, -0.936276, 0.347311, -0.002831, -0.034063, -0.345909, -0.93765, -1.2e-05, 0.0, 0.0, 0.0, 1.0],
                [0.99849, -0.053901, -0.010545, -0.125006, -0.050654, -0.977955, 0.202578, -0.002831, -0.021231, -0.201737, -0.979209, -1.2e-05, 0.0, 0.0, 0.0, 1.0],
                [0.998316, -0.055542, -0.016694, -0.125006, -0.05304, -0.990789, 0.124589, -0.002831, -0.02346, -0.123494, -0.992068, -1.2e-05, 0.0, 0.0, 0.0, 1.0],
                [0.997736, -0.052907, -0.041515, -0.125006, -0.060536, -0.975446, -0.211752, -0.002831, -0.029292, 0.213786, -0.976441, -1.2e-05, 0.0, 0.0, 0.0, 1.0],
                [0.998715, -0.049073, -0.012637, -0.125006, -0.050534, -0.982991, -0.176559, -0.002831, -0.003758, 0.176971, -0.984209, -1.2e-05, 0.0, 0.0, 0.0, 1.0]
            ]
        },
        {
            "name": "Leg_L",
            "time": [0.0, 0.05, 0.1333, 0.1667, 0.2, 0.35, 0.7],
            "transform": [
                [1.0, -1e-06, 0.0, -0.0, -0.0, -0.079243, 0.996856, 0.374726, -1e-06, -0.996855, -0.079242, -0.0, 0.0, 0.0, 0.0, 1.0],
                [1.0, -1e-06, 0.0, 0.0, -0.0, -0.031036, 0.999518, 0.374726, -1e-06, -0.999518, -0.031036, 0.0, 0.0, 0.0, 0.0, 1.0],
                [1.0, -1e-06, 1e-06, -0.0, -0.0, 0.63224, 0.774773, 0.374726, -1e-06, -0.774772, 0.63224, -0.0, 0.0, 0.0, 0.0, 1.0],
                [1.0, -0.0, 1e-06, 0.0, -0.0, 0.776357, 0.630294, 0.374726, -1e-06, -0.630294, 0.776357, -0.0, 0.0, 0.0, 0.0, 1.0],
                [1.0, -0.0, 1e-06, -0.0, -0.0, 0.788931, 0.614482, 0.374726, -1e-06, -0.614482, 0.788931, 0.0, 0.0, 0.0, 0.0, 1.0],
                [1.0, -0.0, 1e-06, 0.0, -0.0, 0.943683, 0.33085, 0.374726, -1e-06, -0.33085, 0.943683, -0.0, 0.0, 0.0, 0.0, 1.0],
                [1.0, -0.0, 1e-06, 0.0, -0.0, 0.91785, 0.396929, 0.374726, -1e-06, -0.396929, 0.917849, -0.0, 0.0, 0.0, 0.0, 1.0]
            ]
        },
        {
            "name": "Knee_L",
            "time": [0.0, 0.7],
            "transform": [
                [1.0, 0.0, -0.0, 0.0, -0.0, 0.00567, -0.999984, 0.484724, -0.0, 0.999984, 0.00567, -0.000624, 0.0, 0.0, 0.0, 1.0],
                [1.0, 0.0, -0.0, 0.0, -0.0, 0.00567, -0.999984, 0.374726, -0.0, 0.999984, 0.00567, -0.0, 0.0, 0.0, 0.0, 1.0]
            ]
        },
        {
            "name": "Torso",
            "time": [0.0, 0.05, 0.35, 0.7],
            "transform": [
                [1.0, -0.0, -0.0, 0.0, 0.0, 0.995196, 0.097906, 0.05, 0.0, -0.097906, 0.995196, 0.0, 0.0, 0.0, 0.0, 1.0],
                [1.0, 0.0, 0.0, 0.0, 0.0, 1.0, 0.0, 0.05, 0.0, 0.0, 1.0, -0.0, 0.0, 0.0, 0.0, 1.0],
                [1.0, 0.0, 0.0, 0.0, 0.0, 1.0, 0.0, 0.05, 0.0, 0.0, 1.0, -0.0, 0.0, 0.0, 0.0, 1.0],
                [1.0, 0.0, 0.0, 0.0, 0.0, 1.0, -0.0, 0.05, 0.0, 0.0, 1.0, 0.0, 0.0, 0.0, 0.0, 1.0]
            ]
        },
        {
            "name": "Chest",
            "time": [0.0, 0.05, 0.1667, 0.35, 0.5, 0.7],
            "transform": [
                [1.0, -0.0, -0.0, 0.0, 0.0, 0.844059, 0.536251, 0.3, -0.0, -0.536251, 0.844059, 0.0, 0.0, 0.0, 0.0, 1.0],
                [1.0, 0.0, 0.0, 0.0, 0.0, 0.971064, 0.238818, 0.3, 0.0, -0.238818, 0.971065, 0.0, 0.0, 0.0, 0.0, 1.0],
                [1.0, 0.0, 0.0, 0.0, 0.0, 0.977471, -0.211069, 0.3, 0.0, 0.211069, 0.977471, 0.0, 0.0, 0.0, 0.0, 1.0],
                [1.0, 0.0, 0.0, 0.0, 0.0, 0.985627, -0.168936, 0.3, 0.0, 0.168936, 0.985627, -0.0, 0.0, 0.0, 0.0, 1.0],
                [1.0, 0.0, 0.0, 0.0, 0.0, 0.992616, -0.121294, 0.3, 0.0, 0.121294, 0.992617, -0.0, 0.0, 0.0, 0.0, 1.0],
                [1.0, 0.0, 0.0, 0.0, 0.0, 0.999751, 0.022324, 0.3, 0.0, -0.022324, 0.999751, -0.0, 0.0, 0.0, 0.0, 1.0]
            ]
        },
        {
            "name": "Head",
            "time": [0.0, 0.05, 0.0833, 0.1333, 0.35, 0.7],