{
    "animation": [
        {
            "name": "Root",
            "time": [0.0, 0.0833, 0.1667, 0.25, 0.3333, 0.4167, 0.5],
            "transform": [
                [0.999942, 0.0, 0.010809, -5e-06, 0.010621, 0.185652, -0.982558, 0.000946, -0.002007, 0.982616, 0.185641, 0.763972, 0.0, 0.0, 0.0, 1.0],
                [0.999942, 0.0, 0.010809, -5e-06, 0.010678, 0.155, -0.987857, -0.001118, -0.001675, 0.987915, 0.154991, 0.734142, 0.0, 0.0, 0.0, 1.0],
                [0.999942, 0.0, 0.010809, -5e-06, 0.010731, 0.119625, -0.992761, -0.003183, -0.001293, 0.992819, 0.119618, 0.704312, 0.0, 0.0, 0.0, 1.0],
                [0.999942, 0.0, 0.010809, -5e-06, 0.010735, 0.116574, -0.993124, -0.000171, -0.00126, 0.993182, 0.116568, 0.747825, 0.0, 0.0, 0.0, 1.0],
                [0.999942, 0.0, 0.010809, -5e-06, 0.010735, 0.116455, -0.993138, 0.000725, -0.001259, 0.993196, 0.116448, 0.760767, 0.0, 0.0, 0.0, 1.0],
                [0.999942, 0.0, 0.010809, -5e-06, 0.010735, 0.116344, -0.993151, 0.000849, -0.001258, 0.993209, 0.116337, 0.762569, 0.0, 0.0, 0.0, 1.0],
                [0.999942, 0.0, 0.010809, -5e-06, 0.010736, 0.116303, -0.993156, 0.000946, -0.001257, 0.993214, 0.116296, 0.763972, 0.0, 0.0, 0.0, 1.0]
            ]
        },
        {
            "name": "Thigh_R",
            "time": [0.0, 0.0833, 0.1667, 0.25, 0.3333, 0.4167, 0.5],
            "transform": [
                [0.999376, 0.033029, 0.012526, 0.124994, 0.023969, -0.894525, 0.446371, -0.002831, 0.025949, -0.445791, -0.894761, -1.2e-05, 0.0, 0.0, 0.0, 1.0],
                [0.999148, 0.03574, 0.020611, 0.124994, 0.03017, -0.97369, 0.225861, -0.002831, 0.028141, -0.225046, -0.973942, -1.2e-05, 0.0, 0.0, 0.0, 1.0],
                [0.998465, 0.045909, 0.030975, 0.124994, 0.033752, -0.947868, 0.316865, -0.002831, 0.043907, -0.315332, -0.947966, -1.2e-05, 0.0, 0.0, 0.0, 1.0],
                [0.991051, 0.093157, 0.095599, 0.124994, 0.038443, -0.885043, 0.463917, -0.00283, 0.127827, -0.456089, -0.880706, -1.2e-05, 0.0, 0.0, 0.0, 1.0],
                [0.990595, 0.100775, 0.092551, 0.124994, 0.025068, -0.798633, 0.601295, -0.00283, 0.13451, -0.593318, -0.79365, -1.2e-05, 0.0, 0.0, 0.0, 1.0],
                [0.992398, 0.090264, 0.083657, 0.124994, -8.4e-05, -0.679251, 0.733905, -0.002831, 0.12307, -0.728331, -0.674081, -1.2e-05, 0.0, 0.0, 0.0, 1.0],
                [0.992675, 0.08382, 0.087006, 0.124994, -0.01332, -0.639846, 0.768387, -0.00283, 0.120076, -0.763916, -0.634044, -1.2e-05, 0.0, 0.0, 0.0, 1.0]
            ]
        },
        {
            "name": "Leg_R",
            "time": [0.0, 0.0833, 0.1667, 0.25, 0.3333, 0.4167, 0.5],
            "transform": [
                [1.0, -0.0, 1e-06, -0.0, -0.0, 0.836528, 0.54793, 0.374726, -1e-06, -0.547934, 0.836517, -0.0, 0.0, 0.0, 0.0, 1.0],
                [1.0, -0.0, 1e-06, -0.0, -0.0, 0.94286, 0.333204, 0.374726, -1e-06, -0.333207, 0.942848, 0.0, 0.0, 0.0, 0.0, 1.0],
                [1.0, -0.0, 1e-06, 0.0, -0.0, 0.752909, 0.658127, 0.374726, -1e-06, -0.658132, 0.7529, 0.0, 0.0, 0.0, 0.0, 1.0],
                [1.0, -1e-06, 1e-06, 0.0, -0.0, 0.49698, 0.867761, 0.374726, -1e-06, -0.867767, 0.496973, -0.0, 0.0, 0.0, 0.0, 1.0],
                [1.0, -1e-06, 1e-06, 0.0, -0.0, 0.332792, 0.942997, 0.374726, -1e-06, -0.943004, 0.332788, -0.0, 0.0, 0.0, 0.0, 1.0],
                [1.0, -1e-06, 1e-06, 0.0, -0.0, 0.286368, 0.958116, 0.374726, -1e-06, -0.958124, 0.286365, 0.0, 0.0, 0.0, 0.0, 1.0],
                [1.0, -1e-06, 1e-06, 0.0, -0.0, 0.341364, 0.939929, 0.374726, -1e-06, -0.939936, 0.34136, 0.0, 0.0, 0.0, 0.0, 1.0]
            ]
        },
        {
            "name": "Knee_R",
            "time": [0.0, 0.5],
            "transform": [
                [1.0, 0.0, -0.0, 0.0, -0.0, 0.00567, -0.999984, 0.379448, -0.0, 0.999984, 0.00567, -2.7e-05, 0.0, 0.0, 0.0, 1.0],
                [1.0, 0.0, -0.0, 0.0, -0.0, 0.00567, -0.999984, 0.446941, -0.0, 0.999984, 0.00567, -0.000409, 0.0, 0.0, 0.0, 1.0]
            ]
        },
        {
            "name": "Thigh_L",
            "time": [0.0, 0.0833, 0.1667, 0.25, 0.3333, 0.4167, 0.5],
            "transform": [
                [0.999834, -0.017926, -0.003102, -0.125006, -0.015869, -0.942735, 0.333162, -0.002831, -0.008897, -0.333058, -0.942864, -1.2e-05, 0.0, 0.0, 0.0, 1.0],
                [0.99978, -0.020072, -0.00603, -0.125006, -0.017823, -0.965633, 0.259296, -0.002831, -0.011028, -0.259132, -0.965779, -1.2e-05, 0.0, 0.0, 0.0, 1.0],
                [0.999494, -0.025831, -0.01858, -0.125006, -0.020799, -0.97228, 0.232889, -0.002831, -0.024081, -0.232385, -0.972325, -1.2e-05, 0.0, 0.0, 0.0, 1.0],
                [0.995036, -0.036484, -0.092585, -0.125006, -0.027098, -0.994549, 0.100678, -0.002831, -0.095754, -0.09767, -0.990602, -1.2e-05, 0.0, 0.0, 0.0, 1.0],
                [0.994795, -0.051713, -0.087793, -0.125006, -0.026429, -0.963103, 0.267831, -0.002831, -0.098404, -0.264117, -0.959457, -1.2e-05, 0.0, 0.0, 0.0, 1.0],
                [0.996072, -0.04959, -0.073349, -0.125006, -0.022854, -0.944359, 0.328119, -0.002831, -0.085539, -0.325154, -0.941784, -1.2e-05, 0.0, 0.0, 0.0, 1.0],
                [0.996412, -0.048534, -0.069332, -0.125006, -0.022312, -0.940889, 0.337979, -0.002831, -0.081637, -0.335219, -0.938596, -1.2e-05, 0.0, 0.0, 0.0, 1.0]
            ]
        },
        {
            "name": "Leg_L",
            "time": [0.0, 0.0833, 0.1667, 0.25, 0.3333, 0.4167, 0.5],
            "transform": [
                [1.0, -0.0, 1e-06, -0.0, -0.0, 0.942072, 0.335413, 0.374726, -1e-06, -0.335413, 0.942071, -0.0, 0.0, 0.0, 0.0, 1.0],
                [1.0, -0.0, 1e-06, 0.0, -0.0, 0.968257, 0.249961, 0.374726, -1e-06, -0.249961, 0.968256, 0.0, 0.0, 0.0, 0.0, 1.0],
                [1.0, -0.0, 1e-06, -0.0, -0.0, 0.962131, 0.272592, 0.374726, -1e-06, -0.272593, 0.96213, -0.0, 0.0, 0.0, 0.0, 1.0],
                [1.0, -0.0, 1e-06, -0.0, -0.0, 0.981864, 0.189592, 0.374726, -1e-06, -0.189592, 0.981863, 0.0, 0.0, 0.0, 0.0, 1.0],
                [1.0, -0.0, 1e-06, -0.0, -0.0, 0.896525, 0.442993, 0.374726, -1e-06, -0.442994, 0.896525, -0.0, 0.0, 0.0, 0.0, 1.0],
                [1.000001, -0.0, 1e-06, 0.0, -0.0, 0.891863, 0.452306, 0.374726, -1e-06, -0.452307, 0.891862, -0.0, 0.0, 0.0, 0.0, 1.0],
                [1.0, -0.0, 1e-06, -0.0, -0.0, 0.894166, 0.447736, 0.374726, -1e-06, -0.447737, 0.894166, -0.0, 0.0, 0.0, 0.0, 1.0]
            ]
        },
        {
            "name": "Knee_L",
            "time": [0.0, 0.5],
            "transform": [
                [1.0, 0.0, -0.0, -0.0, -0.0, 0.00567, -0.999984, 0.374726, -0.0, 0.999984, 0.00567, -0.0, 0.0, 0.0, 0.0, 1.0],
                [1.0, 0.0, -0.0, 0.0, -0.0, 0.00567, -0.999984, 0.374726, -0.0, 0.999984, 0.00567, 0.0, 0.0, 0.0, 0.0, 1.0]
            ]
        },
        {
            "name": "Torso",
            "time": [0.0, 0.0833, 0.1667, 0.25, 0.3333, 0.4167, 0.5],
            "transform": [
                [1.0, -0.0, -0.0, -0.0, 0.0, 1.0, -0.000689, 0.05, -0.0, 0.000689, 1.0, -0.0, 0.0, 0.0, 0.0, 1.0],
                [1.0, -0.000224, 2e-06, 0.0, 0.000224, 0.999772, -0.021369, 0.05, 2e-06, 0.021369, 0.999772, -0.0, 0.0, 0.0, 0.0, 1.0],
                [1.0, -0.000447, 1e-05, 0.0, 0.000447, 0.999116, -0.04204, 0.05, 9e-06, 0.04204, 0.999116, -0.0, 0.0, 0.0, 0.0, 1.0],
                [1.0, -0.000224, 3e-06, -0.0, 0.000224, 0.999772, -0.021369, 0.05, 2e-06, 0.021369, 0.999772, 0.0, 0.0, 0.0, 0.0, 1.0],
                [1.0, -0.0, -0.0, -0.0, -0.0, 1.0, -0.000689, 0.05, -0.0, 0.000689, 1.0, 0.0, 0.0, 0.0, 0.0, 1.0],
                [1.0, -0.000405, 8e-06, 0.0, 0.000405, 0.999272, -0.038142, 0.05, 8e-06, 0.038142, 0.999272, -0.0, 0.0, 0.0, 0.0, 1.0],
                [1.0, 0.0, -0.0, 0.0, 0.0, 1.0, -0.000689, 0.05, -0.0, 0.000689, 1.0, -0.0, 0.0, 0.0, 0.0, 1.0]
            ]
        },
        {
            "name": "Chest",
            "time": [0.0, 0.0833, 0.1667, 0.25, 0.3333, 0.4167, 0.5],