{
    "animation": [
        {
            "name": "Coord",
            "time": [0.0, 0.4, 0.6],
            "transform": [
                [1.0, 0.0, 0.0, -0.106202, 0.0, 0.0, -1.0, 2e-06, 0.0, 1.0, 0.0, -0.000216, 0.0, 0.0, 0.0, 1.0],
                [1.0, 0.0, 0.0, -0.637188, 0.0, 0.0, -1.0, 2e-06, 0.0, 1.0, 0.0, -0.000216, 0.0, 0.0, 0.0, 1.0],
                [1.0, 0.0, 0.0, -0.637188, 0.0, 0.0, -1.0, 2e-06, 0.0, 1.0, 0.0, -0.000216, 0.0, 0.0, 0.0, 1.0]
            ]
        },
        {
            "name": "Root",
            "time": [0.0, 0.0667, 0.2, 0.4, 0.6],
            "transform": [
                [0.996762, -0.078638, 0.016754, 0.064273, 0.080315, 0.98357, -0.16168, 0.544918, -0.003764, 0.162502, 0.986701, -0.044318, 0.0, 0.0, 0.0, 1.0],
                [0.988933, -0.147238, 0.018214, -0.007223, 0.147752, 0.988534, -0.031147, 0.559274, -0.013419, 0.033494, 0.999349, 0.053601, 0.0, 0.0, 0.0, 1.0],
                [0.982829, 0.183231, 0.021745, -0.065781, -0.184501, 0.977428, 0.102925, 0.521373, -0.002395, -0.10517, 0.994451, -0.03239, 0.0, 0.0, 0.0, 1.0],
                [0.996946, 0.077349, 0.010777, -0.066802, -0.077344, 0.997004, -0.000836, 0.554203, -0.010809, -0.0, 0.999942, -0.156224, 0.0, 0.0, 0.0, 1.0],
                [0.999942, 0.0, 0.010809, 0.0, 0.0, 1.0, 0.0, 0.52851, -0.010809, 0.0, 0.999942, -0.156224, 0.0, 0.0, 0.0, 1.0]
            ]
        },
        {
            "name": "Thigh_R",
            "time": [0.0, 0.0667, 0.25, 0.4, 0.5, 0.6],
            "transform": [
                [0.998788, 0.006779, 0.048738, 0.124994, 0.00355, -0.997809, 0.066034, -0.002831, 0.049078, -0.065781, -0.996627, -1.2e-05, 0.0, 0.0, 0.0, 1.0],
                [0.962873, 0.264171, 0.055569, 0.124994, 0.257009, -0.960047, 0.110689, -0.002831, 0.08259, -0.092298, -0.992301, -1.2e-05, 0.0, 0.0, 0.0, 1.0],
                [0.995542, 0.050069, -0.079932, 0.124994, 0.084732, -0.847027, 0.524751, -0.002831, -0.041431, -0.529183, -0.847495, -1.2e-05, 0.0, 0.0, 0.0, 1.0],
                [0.979428, 0.188653, 0.07163, 0.124994, 0.187887, -0.982035, 0.017345, -0.002831, 0.073616, -0.003529, -0.997281, -1.2e-05, 0.0, 0.0, 0.0, 1.0],
                [0.99457, 0.020029, 0.102122, 0.124994, 0.019374, -0.999783, 0.007401, -0.002831, 0.102248, -0.005382, -0.994745, -1.2e-05, 0.0, 0.0, 0.0, 1.0],
                [0.99946, 0.025206, 0.021081, 0.124994, 0.025087, -0.999666, 0.00589, -0.002831, 0.021223, -0.005358, -0.999761, -1.2e-05, 0.0, 0.0, 0.0, 1.0]
            ]
        },
        {
            "name": "Leg_R",
            "time": [0.0, 0.0667, 0.25, 0.4, 0.5, 0.6],
            "transform": [
                [1.0, -0.0, 1e-06, -0.0, -0.0, 0.985749, 0.168241, 0.374726, -1e-06, -0.168242, 0.985742, 0.0, 0.0, 0.0, 0.0, 1.0],
                [1.0, -0.0, 1e-06, 0.0, -0.0, 0.915627, 0.402036, 0.374726, -1e-06, -0.402039, 0.91562, 0.0, 0.0, 0.0, 0.0, 1.0],
                [1.0, -1e-06, 1e-06, -0.0, -0.0, 0.636182, 0.771538, 0.374726, -1e-06, -0.771544, 0.636178, 0.0, 0.0, 0.0, 0.0, 1.0],
                [1.0, -0.0, 1e-06, -0.0, -0.0, 0.999993, 0.00471, 0.374726, -1e-06, -0.00471, 0.999985, 0.0, 0.0, 0.0, 0.0, 1.0],
                [1.0, -0.0, 1e-06, -0.0, 0.0, 0.999993, 0.004692, 0.374726, -1e-06, -0.004692, 0.999985, -0.0, 0.0, 0.0, 0.0, 1.0],
                [1.0, -0.0, 1e-06, 0.0, 0.0, 0.999993, 0.00468, 0.374726, -1e-06, -0.00468, 0.999985, -0.0, 0.0, 0.0, 0.0, 1.0]
            ]
        },
        {
            "name": "Knee_R",
            "time": [0.0, 0.6],
            "transform": [
                [1.0, 0.0, -0.0, -0.0, -0.0, 0.00567, -0.999984, 0.374726, -0.0, 0.999984, 0.00567, 0.0, 0.0, 0.0, 0.0, 1.0],
                [1.0, 0.0, -0.0, 0.0, -0.0, 0.00567, -0.999984, 0.374726, -0.0, 0.999984, 0.00567, -0.0, 0.0, 0.0, 0.0, 1.0]
            ]
        },
        {
            "name": "Thigh_L",
            "time": [0.0, 0.0667, 0.25, 0.4, 0.5, 0.6],
            "transform": [
                [0.998796, -0.033386, 0.035944, -0.125006, -0.040819, -0.971988, 0.231457, -0.002831, 0.02721, -0.232646, -0.97218, -1.2e-05, 0.0, 0.0, 0.0, 1.0],
                [0.969597, 0.244708, 3.6e-05, -0.125006, 0.235278, -0.932274, 0.274787, -0.002831, 0.067276, -0.266424, -0.961505, -1.2e-05, 0.0, 0.0, 0.0, 1.0],
                [0.996459, 0.007601, -0.083733, -0.125006, 0.041068, -0.91302, 0.405841, -0.002831, -0.073365, -0.407843, -0.9101, -1.2e-05, 0.0, 0.0, 0.0, 1.0],
                [0.988632, 0.143911, 0.043536, -0.125006, 0.143783, -0.98959, 0.006078, -0.002831, 0.043958, 0.000251, -0.999033, -1.2e-05, 0.0, 0.0, 0.0, 1.0],
                [0.997026, -0.02274, 0.073634, -0.125006, -0.022789, -0.99974, -0.000183, -0.002831, 0.073619, -0.001496, -0.997285, -1.2e-05, 0.0, 0.0, 0.0, 1.0],
                [0.999797, -0.018685, -0.00755, -0.125006, -0.018674, -0.999824, 0.001541, -0.002831, -0.007578, -0.0014, -0.99997, -1.2e-05, 0.0, 0.0, 0.0, 1.0]
            ]
        },
        {
            "name": "Leg_L",
            "time": [0.0, 0.0667, 0.25, 0.4, 0.5, 0.6],
            "transform": [
                [1.0, -0.0, 1e-06, 0.0, -0.0, 0.871928, 0.489635, 0.374726, -1e-06, -0.489635, 0.871928, -0.0, 0.0, 0.0, 0.0, 1.0],
                [1.0, -1e-06, 1e-06, -0.0, -0.0, 0.659294, 0.751885, 0.374726, -1e-06, -0.751886, 0.659294, -0.0, 0.0, 0.0, 0.0, 1.0],
                [1.0, -0.0, 1e-06, -0.0, -0.0, 0.812363, 0.583153, 0.374726, -1e-06, -0.583153, 0.812362, -0.0, 0.0, 0.0, 0.0, 1.0],
                [1.0, -0.0, 1e-06, 0.0, 0.0, 0.99999, 0.004734, 0.374726, -1e-06, -0.004734, 0.999989, -0.0, 0.0, 0.0, 0.0, 1.0],
                [1.0, 0.0, 1e-06, -0.0, -0.0, 0.99999, 0.004709, 0.374726, -1e-06, -0.004709, 0.999989, -0.0, 0.0, 0.0, 0.0, 1.0],
                [1.0, -0.0, 1e-06, -0.0, 0.0, 0.99999, 0.004681, 0.374726, -1e-06, -0.004681, 0.999989, 0.0, 0.0, 0.0, 0.0, 1.0]
            ]
        },
        {
            "name": "Knee_L",
            "time": [0.0, 0.6],
            "transform": [
                [1.0, 0.0, -0.0, 0.0, -0.0, 0.00567, -0.999984, 0.374726, -0.0, 0.999984, 0.00567, -0.0, 0.0, 0.0, 0.0, 1.0],
                [1.0, 0.0, -0.0, -0.0, -0.0, 0.00567, -0.999984, 0.374726, -0.0, 0.999984, 0.00567, -0.0, 0.0, 0.0, 0.0, 1.0]
            ]
        },
        {
            "name": "Torso",
            "time": [0.0, 0.4, 0.6],
            "transform": [
                [1.0, -0.0, 0.0, 0.0, -0.0, 1.0, 0.0, 0.05, -0.0, -0.0, 1.0, -0.0, 0.0, 0.0, 0.0, 1.0],
                [1.0, -0.0, -0.0, 0.0, 0.0, 1.0, -0.000689, 0.05, -0.0, 0.000689, 1.0, 0.0, 0.0, 0.0, 0.0, 1.0],
                [1.0, 0.0, 0.0, -0.0, 0.0, 1.0, -0.000689, 0.05, 0.0, 0.000689, 1.0, 0.0, 0.0, 0.0, 0.0, 1.0]
            ]
        },
        {
            "name": "Chest",
            "time": [0.0, 0.0667, 0.2, 0.4, 0.6],
            "transform": [
                [0.998274, 0.057875, -0.009947, 0.0, -0.057349, 0.997256, 0.046814, 0.3, 0.012629, -0.046162, 0.998854, -0.0, 0.0, 0.0, 0.0, 1.0],
                [0.994208, 0.107474, -0.000685, 0.0, -0.10673, 0.988032, 0.111359, 0.3, 0.012645, -0.11064, 0.99378, -0.0, 0.0, 0.0, 0.0, 1.0],
                [0.995031, -0.098807, -0.012293, 0.0, 0.097837, 0.993171, -0.06356, 0.3, 0.018489, 0.062041, 0.997902, 0.0, 0.0, 0.0, 0.0, 1.0],
                [0.999846, -0.002503, -0.017346, -0.0, -0.000429, 0.985958, -0.166994, 0.3, 0.017521, 0.166976, 0.985805, -0.0, 0.0, 0.0, 0.0, 1.0],
                [0.999846, -0.002503, -0.017346, -0.0, -0.000429, 0.985958, -0.166994, 0.3, 0.017521, 0.166976, 0.985805, 0.0, 0.0, 0.0, 0.0, 1.0]
            ]
        },
        {
            "name": "Head",
            "time": [0.0, 0.0667, 0.2, 0.4, 0.6],