{
    "animation": [
        {
            "name": "Coord",
            "time": [0.0, 0.4, 0.6],
            "transform": [
                [1.0, 0.0, 0.0, -0.004601, 0.0, 0.0, -1.0, -0.0, 0.0, 1.0, 0.0, -0.000219, 0.0, 0.0, 0.0, 1.0],
                [1.0, 0.0, 0.0, 0.637172, 0.0, 0.0, -1.0, 2e-06, 0.0, 1.0, 0.0, -0.000216, 0.0, 0.0, 0.0, 1.0],
                [1.0, 0.0, 0.0, 0.637171, 0.0, 0.0, -1.0, 2e-06, 0.0, 1.0, 0.0, -0.000216, 0.0, 0.0, 0.0, 1.0]
            ]
        },
        {
            "name": "Root",
            "time": [0.0, 0.0667, 0.2, 0.4, 0.6],
            "transform": [
                [0.998945, -0.043995, 0.013139, 0.108263, 0.045033, 0.994609, -0.09341, 0.555664, -0.008958, 0.093903, 0.995541, -0.039851, 0.0, 0.0, 0.0, 1.0],
                [0.9972, -0.073265, 0.014979, 0.180438, 0.073551, 0.9971, -0.019551, 0.573766, -0.013503, 0.020598, 0.999697, 0.037732, 0.0, 0.0, 0.0, 1.0],
                [0.978601, -0.205502, -0.01045, 0.087104, 0.204863, 0.968282, 0.14304, 0.548611, -0.019276, -0.14212, 0.989662, -0.039851, 0.0, 0.0, 0.0, 1.0],
                [0.993795, -0.110711, 0.010742, 0.048665, 0.110705, 0.993853, 0.001197, 0.569417, -0.010809, -0.0, 0.999942, -0.156224, 0.0, 0.0, 0.0, 1.0],
                [0.999942, 0.0, 0.010809, 0.0, 0.0, 1.0, 0.0, 0.52851, -0.010809, 0.0, 0.999942, -0.156224, 0.0, 0.0, 0.0, 1.0]
            ]
        },
        {
            "name": "Thigh_R",
            "time": [0.0, 0.0667, 0.25, 0.4, 0.5, 0.6],
            "transform": [
                [0.991963, -0.065245, 0.108407, 0.124994, -0.076776, -0.991412, 0.105843, -0.002831, 0.10057, -0.113315, -0.988456, -1.2e-05, 0.0, 0.0, 0.0, 1.0],
                [0.927732, -0.361179, 0.094134, 0.124994, -0.368068, -0.927149, 0.070117, -0.002831, 0.061952, -0.099697, -0.993088, -1.2e-05, 0.0, 0.0, 0.0, 1.0],
                [0.997503, -0.070403, -0.005579, 0.124994, -0.061843, -0.908897, 0.412405, -0.002831, -0.034106, -0.411029, -0.910984, -1.2e-05, 0.0, 0.0, 0.0, 1.0],
                [0.99946, 0.025206, 0.021081, 0.124994, 0.025087, -0.999666, 0.00589, -0.002831, 0.021223, -0.005358, -0.999761, -1.2e-05, 0.0, 0.0, 0.0, 1.0],
                [0.997988, 0.063138, -0.005798, 0.124994, 0.063165, -0.99799, 0.004581, -0.002831, -0.005497, -0.004937, -0.999973, -1.2e-05, 0.0, 0.0, 0.0, 1.0],
                [0.99946, 0.025206, 0.021081, 0.124994, 0.025087, -0.999666, 0.00589, -0.002831, 0.021223, -0.005358, -0.999761, -1.2e-05, 0.0, 0.0, 0.0, 1.0]
            ]
        },
        {
            "name": "Leg_R",
            "time": [0.0, 0.0667, 0.25, 0.4, 0.5, 0.6],
            "transform": [
                [1.0, -0.0, 1e-06, -0.0, -0.0, 0.977979, 0.208719, 0.374726, -1e-06, -0.208721, 0.977972, -0.0, 0.0, 0.0, 0.0, 1.0],
                [1.0, -0.0, 1e-06, -0.0, -0.0, 0.953545, 0.301259, 0.374726, -1e-06, -0.301262, 0.953538, 0.0, 0.0, 0.0, 0.0, 1.0],
                [1.0, -0.0, 1e-06, -0.0, -0.0, 0.847805, 0.530312, 0.374726, -1e-06, -0.530316, 0.847798, 0.0, 0.0, 0.0, 0.0, 1.0],
                [1.0, -0.0, 1e-06, 0.0, 0.0, 0.999993, 0.00468, 0.374726, -1e-06, -0.00468, 0.999985, 0.0, 0.0, 0.0, 0.0, 1.0],
                [1.0, 0.0, 1e-06, -0.0, -0.0, 0.999993, 0.004685, 0.374726, -1e-06, -0.004685, 0.999985, 0.0, 0.0, 0.0, 0.0, 1.0],
                [1.0, -0.0, 1e-06, -0.0, 0.0, 0.999993, 0.00468, 0.374726, -1e-06, -0.00468, 0.999985, -0.0, 0.0, 0.0, 0.0, 1.0]
            ]
        },
        {
            "name": "Knee_R",
            "time": [0.0, 0.6],
            "transform": [
                [1.0, 0.0, -0.0, -0.0, -0.0, 0.00567, -0.999984, 0.374726, -0.0, 0.999984, 0.00567, -0.0, 0.0, 0.0, 0.0, 1.0],
                [1.0, 0.0, -0.0, -0.0, -0.0, 0.00567, -0.999984, 0.374726, -0.0, 0.999984, 0.00567, -0.0, 0.0, 0.0, 0.0, 1.0]
            ]
        },
        {
            "name": "Thigh_L",
            "time": [0.0, 0.0667, 0.25, 0.4, 0.5, 0.6],
            "transform": [
                [0.990171, -0.106468, 0.090693, -0.125006, -0.12157, -0.975801, 0.181747, -0.002831, 0.069148, -0.190987, -0.979154, -1.2e-05, 0.0, 0.0, 0.0, 1.0],
                [0.914076, -0.405506, -0.005397, -0.125006, -0.405176, -0.912605, -0.054613, -0.002831, 0.017221, 0.052107, -0.998493, -1.2e-05, 0.0, 0.0, 0.0, 1.0],
                [0.992277, -0.124021, 0.002288, -0.125006, -0.103452, -0.81725, 0.566921, -0.002831, -0.06844, -0.562779, -0.823769, -1.2e-05, 0.0, 0.0, 0.0, 1.0],
                [0.999797, -0.018685, -0.00755, -0.125006, -0.018674, -0.999824, 0.001541, -0.002831, -0.007578, -0.0014, -0.99997, -1.2e-05, 0.0, 0.0, 0.0, 1.0],
                [0.999335, 0.018114, -0.031649, -0.125006, 0.019202, -0.999222, 0.03442, -0.002831, -0.031001, -0.035005, -0.998906, -1.2e-05, 0.0, 0.0, 0.0, 1.0],
                [0.999797, -0.018685, -0.00755, -0.125006, -0.018674, -0.999824, 0.001541, -0.002831, -0.007578, -0.0014, -0.99997, -1.2e-05, 0.0, 0.0, 0.0, 1.0]
            ]
        },
        {
            "name": "Leg_L",
            "time": [0.0, 0.0667, 0.25, 0.4, 0.5, 0.6],
            "transform": [
                [1.0, -0.0, 1e-06, -0.0, -0.0, 0.931073, 0.364836, 0.374726, -1e-06, -0.364836, 0.931072, -0.0, 0.0, 0.0, 0.0, 1.0],
                [1.0, 0.0, 1e-06, 0.0, 0.0, 0.99999, 0.0047, 0.374726, -1e-06, -0.0047, 0.999989, 0.0, 0.0, 0.0, 0.0, 1.0],
                [1.0, -1e-06, 1e-06, -0.0, -0.0, 0.636176, 0.771544, 0.374726, -1e-06, -0.771545, 0.636175, -0.0, 0.0, 0.0, 0.0, 1.0],
                [1.0, -0.0, 1e-06, 0.0, -0.0, 0.99999, 0.004681, 0.374726, -1e-06, -0.004681, 0.999989, -0.0, 0.0, 0.0, 0.0, 1.0],
                [1.0, -0.0, 1e-06, 0.0, -0.0, 0.997356, 0.072675, 0.374726, -1e-06, -0.072675, 0.997356, 0.0, 0.0, 0.0, 0.0, 1.0],
                [1.0, -0.0, 1e-06, 0.0, 0.0, 0.99999, 0.004681, 0.374726, -1e-06, -0.004681, 0.999989, -0.0, 0.0, 0.0, 0.0, 1.0]
            ]
        },
        {
            "name": "Knee_L",
            "time": [0.0, 0.6],
            "transform": [
                [1.0, 0.0, -0.0, 0.0, -0.0, 0.00567, -0.999984, 0.374726, -0.0, 0.999984, 0.00567, -0.0, 0.0, 0.0, 0.0, 1.0],
                [1.0, 0.0, -0.0, 0.0, -0.0, 0.00567, -0.999984, 0.374726, -0.0, 0.999984, 0.00567, -0.0, 0.0, 0.0, 0.0, 1.0]
            ]
        },
        {
            "name": "Torso",
            "time": [0.0, 0.4, 0.6],
            "transform": [
                [0.990134, 0.140111, -0.00195, -0.0, -0.140115, 0.990133, -0.002327, 0.05, 0.001604, 0.002577, 0.999995, -0.0, 0.0, 0.0, 0.0, 1.0],
                [1.0, -0.0, 0.0, -0.0, 0.0, 1.0, -0.000689, 0.05, 0.0, 0.000689, 1.0, -0.0, 0.0, 0.0, 0.0, 1.0],
                [1.0, 0.0, 0.0, -0.0, 0.0, 1.0, -0.000689, 0.05, 0.0, 0.000689, 1.0, -0.0, 0.0, 0.0, 0.0, 1.0]
            ]
        },
        {
            "name": "Chest",
            "time": [0.0, 0.0667, 0.2, 0.4, 0.6],
            "transform": [
                [0.996971, -0.077758, -0.001334, 0.0, 0.077767, 0.99666, 0.024923, 0.3, -0.000609, -0.024952, 0.999688, 0.0, 0.0, 0.0, 0.0, 1.0],
                [0.995285, 0.096494, 0.00979, 0.0, -0.096827, 0.9827, 0.157878, 0.3, 0.005614, -0.158082, 0.98741, 0.0, 0.0, 0.0, 0.0, 1.0],
                [0.988993, 0.147831, -0.006158, 0.0, -0.147912, 0.986769, -0.066402, 0.3, -0.003739, 0.066582, 0.997774, 0.0, 0.0, 0.0, 0.0, 1.0],
                [0.99973, 0.012111, -0.019831, -0.0, -0.015253, 0.98586, -0.166877, 0.3, 0.01753, 0.167134, 0.985778, -0.0, 0.0, 0.0, 0.0, 1.0],
                [0.999846, -0.002503, -0.017346, -0.0, -0.000429, 0.985958, -0.166994, 0.3, 0.017521, 0.166976, 0.985805, -0.0, 0.0, 0.0, 0.0, 1.0]
            ]
        },
        {
            "name": "Head",
            "time": [0.0, 0.0667, 0.2, 0.4, 0.6],