{
    "animation": [
        {
            "name": "Root",
            "time": [0.0, 0.1167, 0.2167, 0.3333, 0.4167],
            "transform": [
                [0.995858, -0.090787, 0.004852, -5e-06, 0.090805, 0.990579, -0.102505, -0.459941, 0.0045, 0.102521, 0.994721, 0.277548, 0.0, 0.0, 0.0, 1.0],
                [0.999999, -0.000887, 0.000983, -5e-06, 0.000985, 0.994618, -0.103608, -0.419315, -0.000886, 0.103609, 0.994618, 0.285516, 0.0, 0.0, 0.0, 1.0],
                [0.994618, 0.103544, -0.003616, -5e-06, -0.103354, 0.989146, -0.104446, -0.429215, -0.007238, 0.104258, 0.994524, 0.273337, 0.0, 0.0, 0.0, 1.0],
                [0.999979, 0.006411, 0.000666, -5e-06, -0.006308, 0.99459, -0.103682, -0.431605, -0.001327, 0.103676, 0.99461, 0.291462, 0.0, 0.0, 0.0, 1.0],
                [0.995858, -0.090787, 0.004852, -5e-06, 0.090805, 0.990579, -0.102505, -0.459941, 0.0045, 0.102521, 0.994721, 0.277548, 0.0, 0.0, 0.0, 1.0]
            ]
        },
        {
            "name": "Thigh_R",
            "time": [0.0, 0.0833, 0.2167, 0.3, 0.4167],
            "transform": [
                [0.709251, 0.262179, 0.654389, 0.124994, -0.108971, -0.876336, 0.46921, -0.002831, 0.696483, -0.404096, -0.592974, -1.2e-05, 0.0, 0.0, 0.0, 1.0],
                [0.698899, 0.687256, 0.198031, 0.124994, -0.276913, 0.004729, 0.960884, -0.002831, 0.659438, -0.726397, 0.193616, -1.2e-05, 0.0, 0.0, 0.0, 1.0],
                [0.932954, 0.182104, 0.310538, 0.124994, 0.094217, -0.956065, 0.277595, -0.002831, 0.347446, -0.229725, -0.909124, -1.2e-05, 0.0, 0.0, 0.0, 1.0],
                [0.694426, 0.31992, 0.644534, 0.124994, 0.002372, -0.896739, 0.442551, -0.002831, 0.71956, -0.305789, -0.623479, -1.2e-05, 0.0, 0.0, 0.0, 1.0],
                [0.709251, 0.262179, 0.654389, 0.124994, -0.108971, -0.876336, 0.46921, -0.002831, 0.696483, -0.404096, -0.592974, -1.2e-05, 0.0, 0.0, 0.0, 1.0]
            ]
        },
        {
            "name": "Leg_R",
            "time": [0.0, 0.0833, 0.2167, 0.3, 0.4167],
            "transform": [
                [1.0, -1e-06, 1e-06, -0.0, -0.0, 0.72694, 0.686702, 0.374726, -1e-06, -0.686703, 0.726937, 0.0, 0.0, 0.0, 0.0, 1.0],
                [1.0, -1e-06, -0.0, 0.0, -0.0, -0.622696, 0.782465, 0.374726, -0.0, -0.782466, -0.622692, 0.0, 0.0, 0.0, 0.0, 1.0],
                [1.0, -0.0, 1e-06, -0.0, -0.0, 0.957986, 0.286822, 0.374726, -1e-06, -0.286823, 0.957981, -0.0, 0.0, 0.0, 0.0, 1.0],
                [1.0, -0.0, 1e-06, -0.0, -0.0, 0.799759, 0.600323, 0.374726, -1e-06, -0.600324, 0.799755, 0.0, 0.0, 0.0, 0.0, 1.0],
                [1.0, -1e-06, 1e-06, -0.0, -0.0, 0.72694, 0.686702, 0.374726, -1e-06, -0.686703, 0.726937, 0.0, 0.0, 0.0, 0.0, 1.0]
            ]
        },
        {
            "name": "Knee_R",
            "time": [0.0, 0.4167],
            "transform": [
                [1.0, 0.0, -0.0, 0.0, -0.0, 0.00567, -0.999984, 0.398046, -0.0, 0.999984, 0.00567, -0.000132, 0.0, 0.0, 0.0, 1.0],
                [1.0, 0.0, -0.0, 0.0, -0.0, 0.00567, -0.999984, 0.398046, -0.0, 0.999984, 0.00567, -0.000132, 0.0, 0.0, 0.0, 1.0]
            ]
        },
        {
            "name": "Thigh_L",
            "time": [0.0, 0.1167, 0.2167, 0.3333, 0.4167],
            "transform": [
                [0.932557, -0.198681, -0.301432, -0.125006, -0.101272, -0.945387, 0.309817, -0.002831, -0.346525, -0.258395, -0.90175, -1.2e-05, 0.0, 0.0, 0.0, 1.0],
                [0.558487, -0.472391, -0.681864, -0.125006, 0.01153, -0.817504, 0.575807, -0.002831, -0.829433, -0.329442, -0.451118, -1.2e-05, 0.0, 0.0, 0.0, 1.0],
                [0.65246, -0.466361, -0.59733, -0.125006, 0.063473, -0.751818, 0.656308, -0.002831, -0.75516, -0.466128, -0.46093, -1.2e-05, 0.0, 0.0, 0.0, 1.0],
                [0.836623, -0.543317, -0.069778, -0.125006, 0.052308, -0.04756, 0.997498, -0.002831, -0.545276, -0.838179, -0.01137, -1.2e-05, 0.0, 0.0, 0.0, 1.0],
                [0.932557, -0.198681, -0.301432, -0.125006, -0.101272, -0.945387, 0.309817, -0.002831, -0.346525, -0.258395, -0.90175, -1.2e-05, 0.0, 0.0, 0.0, 1.0]
            ]
        },
        {
            "name": "Leg_L",
            "time": [0.0, 0.1167, 0.2167, 0.3333, 0.4167],
            "transform": [
                [1.0, -0.0, 1e-06, 0.0, -0.0, 0.954542, 0.298075, 0.374726, -1e-06, -0.298075, 0.954542, -0.0, 0.0, 0.0, 0.0, 1.0],
                [1.0, -1e-06, 1e-06, 0.0, -0.0, 0.637015, 0.770852, 0.374726, -1e-06, -0.770851, 0.637015, -0.0, 0.0, 0.0, 0.0, 1.0],
                [1.0, -1e-06, 1e-06, -0.0, -0.0, 0.52045, 0.853892, 0.374726, -1e-06, -0.853892, 0.52045, -0.0, 0.0, 0.0, 0.0, 1.0],
                [1.0, -1e-06, -0.0, 0.0, -0.0, -0.477739, 0.878502, 0.374726, -1e-06, -0.878502, -0.477738, -0.0, 0.0, 0.0, 0.0, 1.0],
                [1.0, -0.0, 1e-06, 0.0, -0.0, 0.954542, 0.298075, 0.374726, -1e-06, -0.298075, 0.954542, -0.0, 0.0, 0.0, 0.0, 1.0]
            ]
        },
        {
            "name": "Knee_L",
            "time": [0.0, 0.4167],
            "transform": [
                [1.0, 0.0, -0.0, -0.0, -0.0, 0.00567, -0.999984, 0.374726, -0.0, 0.999984, 0.00567, -0.0, 0.0, 0.0, 0.0, 1.0],
                [1.0, 0.0, -0.0, -0.0, -0.0, 0.00567, -0.999984, 0.374726, -0.0, 0.999984, 0.00567, -0.0, 0.0, 0.0, 0.0, 1.0]
            ]
        },
        {
            "name": "Torso",
            "time": [0.0, 0.2167, 0.4167],
            "transform": [
                [1.0, 0.0, -0.0, -0.0, -0.0, 1.0, -0.000689, 0.05, 0.0, 0.000689, 1.0, 0.0, 0.0, 0.0, 0.0, 1.0],
                [1.0, 0.0, -0.0, -0.0, 0.0, 1.0, -0.000689, 0.05, 0.0, 0.000689, 1.0, 0.0, 0.0, 0.0, 0.0, 1.0],
                [1.0, 0.0, -0.0, -0.0, -0.0, 1.0, -0.000689, 0.05, 0.0, 0.000689, 1.0, 0.0, 0.0, 0.0, 0.0, 1.0]
            ]
        },
        {
            "name": "Chest",
            "time": [0.0, 0.1167, 0.2167, 0.3333, 0.4167],
            "transform": [
                [0.973743, 0.107757, -0.200532, 0.0, -0.12346, 0.990052, -0.067488, 0.3, 0.191265, 0.090474, 0.97736, -0.0, 0.0, 0.0, 0.0, 1.0],
                [0.999925, 0.004866, 0.011279, -0.0, -0.003246, 0.990227, -0.13943, 0.3, -0.011847, 0.139383, 0.990168, 0.0, 0.0, 0.0, 0.0, 1.0],
                [0.969987, -0.100294, 0.221508, 0.0, 0.11287, 0.992598, -0.044831, 0.3, -0.215372, 0.068487, 0.974127, 0.0, 0.0, 0.0, 0.0, 1.0],
                [0.999921, 0.004937, 0.011544, -0.0, -0.003739, 0.994819, -0.10159, 0.3, -0.011986, 0.101539, 0.994759, -0.0, 0.0, 0.0, 0.0, 1.0],
                [0.973743, 0.107757, -0.200532, 0.0, -0.12346, 0.990052, -0.067488, 0.3, 0.191265, 0.090474, 0.97736, -0.0, 0.0, 0.0, 0.0, 1.0]
            ]
        },
        {
            "name": "Head",
            "time": [0.0, 0.2167, 0.4167],
            "transform": [
                [0.997239, 0.058651, 0.045551, 0.0, -0.002725, 0.641863, -0.766814, 0.4, -0.074212, 0.764573, 0.640251, -0.0, 0.0, 0.0, 0.0, 1.0],
                [0.99663, -0.065382, -0.049527, 0.0, 0.003936, 0.641248, -0.767324, 0.4, 0.081928, 0.764544, 0.639344, -0.0, 0.0, 0.0, 0.0, 1.0],
                [0.997239, 0.058651, 0.045551, 0.0, -0.002725, 0.641863, -0.766814, 0.4, -0.074212, 0.764573, 0.640251, -0.0, 0.0, 0.0, 0.0, 1.0]
            ]
        },
        {
            "name": "Shoulder_R",
            "time": [0.0, 0.2167, 0.4167],
            "transform": [
                [0.0, 0.952114, 0.305743, 0.0, 0.0, -0.305743, 0.952114, 0.4, 1.0, -0.0, -0.0, -0.0, 0.0, 0.0, 0.0, 1.0],
                [0.0, 0.952114, 0.305743, 0.0, 0.0, -0.305743, 0.952114, 0.4, 1.0, -0.0, -0.0, -0.0, 0.0, 0.0, 0.0, 1.0],
                [0.0, 0.952114, 0.305743, 0.0, 0.0, -0.305743, 0.952114, 0.4, 1.0, -0.0, -0.0, -0.0, 0.0, 0.0, 0.0, 1.0]
            ]
        },
        {
            "name": "Arm_R",
            "time": [0.0, 0.0833, 0.2167, 0.3, 0.4167],