{
    "animation": [
        {
            "name": "Root",
            "time": [0.0, 0.25, 0.7667, 10000.0],
            "transform": [
                [0.999942, 0.0, 0.010809, -5e-06, 0.010451, 0.25519, -0.966834, 0.000946, -0.002758, 0.966891, 0.255175, 0.760649, 0.0, 0.0, 0.0, 1.0],
                [0.999942, -0.0, 0.010809, -5e-06, -0.003618, 0.94233, 0.334665, -0.173522, -0.010186, -0.334685, 0.942275, 0.859932, 0.0, 0.0, 0.0, 1.0],
                [0.999942, 0.0, 0.010809, -5e-06, -0.010803, 0.032915, 0.9994, -0.00718, -0.000356, -0.999458, 0.032913, 1.215533, 0.0, 0.0, 0.0, 1.0],
                [0.999942, 0.0, 0.010809, -5e-06, -0.010803, 0.032915, 0.9994, -0.00718, -0.000356, -0.999458, 0.032913, 1.215533, 0.0, 0.0, 0.0, 1.0]
            ]
        },
        {
            "name": "Thigh_R",
            "time": [0.0, 0.1, 0.25, 0.3667, 0.7667, 10000.0],
            "transform": [
                [0.999165, 0.040542, 0.005035, 0.124994, 0.033009, -0.873783, 0.485192, -0.002831, 0.024071, -0.48462, -0.874393, -1.2e-05, 0.0, 0.0, 0.0, 1.0],
                [0.968162, 0.149009, 0.201142, 0.124994, 0.034874, -0.875982, 0.481081, -0.002831, 0.247883, -0.458749, -0.85329, -1.2e-05, 0.0, 0.0, 0.0, 1.0],
                [0.952234, 0.093397, 0.290737, 0.124994, 0.065802, -0.99247, 0.103305, -0.002831, 0.298197, -0.07924, -0.95121, -1.2e-05, 0.0, 0.0, 0.0, 1.0],
                [0.990594, -0.010894, 0.136399, 0.124994, 0.036954, -0.938487, -0.34333, -0.002831, 0.131749, 0.34514, -0.929259, -1.2e-05, 0.0, 0.0, 0.0, 1.0],
                [0.989165, -0.035816, 0.142371, 0.124994, -0.032156, -0.999091, -0.027928, -0.002831, 0.143242, 0.023047, -0.98942, -1.2e-05, 0.0, 0.0, 0.0, 1.0],
                [0.989165, -0.035816, 0.142371, 0.124994, -0.032156, -0.999091, -0.027928, -0.002831, 0.143242, 0.023047, -0.98942, -1.2e-05, 0.0, 0.0, 0.0, 1.0]
            ]
        },
        {
            "name": "Leg_R",
            "time": [0.0, 0.1, 0.25, 0.3667, 0.7667, 10000.0],
            "transform": [
                [1.0, -1e-06, 1e-06, -0.0, -0.0, 0.634587, 0.772852, 0.374726, -1e-06, -0.772856, 0.634581, -0.0, 0.0, 0.0, 0.0, 1.0],
                [1.000001, -1e-06, 1e-06, 0.0, -0.0, 0.535355, 0.844626, 0.374726, -1e-06, -0.844632, 0.53535, 0.0, 0.0, 0.0, 0.0, 1.0],
                [1.000001, -0.0, 1e-06, 0.0, -0.0, 0.774334, 0.63278, 0.374726, -1e-06, -0.632787, 0.774324, -0.0, 0.0, 0.0, 0.0, 1.0],
                [1.000001, -0.0, 1e-06, 0.0, -0.0, 0.985173, 0.17162, 0.374726, -1e-06, -0.171622, 0.985155, -0.0, 0.0, 0.0, 0.0, 1.0],
                [1.0, -0.0, 1e-06, 0.0, 0.0, 0.999996, 0.004722, 0.374726, -1e-06, -0.004722, 0.999982, -0.0, 0.0, 0.0, 0.0, 1.0],
                [1.0, -0.0, 1e-06, -0.0, -0.0, 0.999998, 0.004722, 0.374726, -1e-06, -0.004722, 0.99998, -0.0, 0.0, 0.0, 0.0, 1.0]
            ]
        },
        {
            "name": "Knee_R",
            "time": [0.0, 10000.0],
            "transform": [
                [1.0, 0.0, -0.0, 0.0, -0.0, 0.00567, -0.999984, 0.411321, -0.0, 0.999984, 0.00567, -0.000208, 0.0, 0.0, 0.0, 1.0],
                [1.0, 0.0, -0.0, -0.0, -0.0, 0.00567, -0.999984, 0.374726, -0.0, 0.999984, 0.00567, -0.0, 0.0, 0.0, 0.0, 1.0]
            ]
        },
        {
            "name": "Thigh_L",
            "time": [0.0, 0.1, 0.25, 0.3667, 0.7667, 10000.0],
            "transform": [
                [0.999116, -0.042048, 0.000145, -0.125006, -0.041898, -0.995268, 0.087668, -0.002831, -0.003542, -0.087597, -0.99615, -1.2e-05, 0.0, 0.0, 0.0, 1.0],
                [0.997635, -0.052441, -0.044432, -0.125006, -0.049404, -0.996536, 0.066899, -0.002831, -0.047786, -0.064545, -0.99677, -1.2e-05, 0.0, 0.0, 0.0, 1.0],
                [0.996518, -0.015521, -0.081915, -0.125006, -0.026097, -0.991215, -0.129666, -0.002831, -0.079183, 0.131352, -0.988169, -1.2e-05, 0.0, 0.0, 0.0, 1.0],
                [0.998499, -0.024862, -0.048791, -0.125006, -0.038038, -0.955852, -0.291377, -0.002831, -0.039393, 0.292795, -0.955364, -1.2e-05, 0.0, 0.0, 0.0, 1.0],
                [0.999545, -0.004467, -0.029842, -0.125006, -0.004376, -0.999985, 0.003131, -0.002831, -0.029856, -0.002999, -0.99955, -1.2e-05, 0.0, 0.0, 0.0, 1.0],
                [0.999544, -0.004467, -0.029842, -0.125006, -0.004376, -0.999986, 0.003131, -0.002831, -0.029856, -0.002999, -0.99955, -1.2e-05, 0.0, 0.0, 0.0, 1.0]
            ]
        },
        {
            "name": "Leg_L",
            "time": [0.0, 0.1, 0.25, 0.3667, 0.7667, 10000.0],
            "transform": [
                [1.0, -0.0, 1e-06, 0.0, -0.0, 0.979219, 0.202807, 0.374726, -1e-06, -0.202808, 0.979218, 0.0, 0.0, 0.0, 0.0, 1.0],
                [1.0, -0.0, 1e-06, -0.0, -0.0, 0.922311, 0.386448, 0.374726, -1e-06, -0.386449, 0.92231, -0.0, 0.0, 0.0, 0.0, 1.0],
                [1.0, -0.0, 1e-06, -0.0, -0.0, 0.976983, 0.213318, 0.374726, -1e-06, -0.213319, 0.976982, 0.0, 0.0, 0.0, 0.0, 1.0],
                [1.0, -0.0, 1e-06, -0.0, -0.0, 0.975693, 0.219144, 0.374726, -1e-06, -0.219145, 0.97569, 0.0, 0.0, 0.0, 0.0, 1.0],
                [1.0, -0.0, 1e-06, -0.0, -0.0, 0.99999, 0.004726, 0.374726, -1e-06, -0.004726, 0.999988, 0.0, 0.0, 0.0, 0.0, 1.0],
                [1.0, -0.0, 1e-06, -0.0, -0.0, 0.99999, 0.004726, 0.374726, -1e-06, -0.004726, 0.999987, 0.0, 0.0, 0.0, 0.0, 1.0]
            ]
        },
        {
            "name": "Knee_L",
            "time": [0.0, 10000.0],
            "transform": [
                [1.0, 0.0, -0.0, -0.0, -0.0, 0.00567, -0.999984, 0.374726, -0.0, 0.999984, 0.00567, -0.0, 0.0, 0.0, 0.0, 1.0],
                [1.0, 0.0, -0.0, -0.0, -0.0, 0.00567, -0.999984, 0.374726, -0.0, 0.999984, 0.00567, -0.0, 0.0, 0.0, 0.0, 1.0]
            ]
        },
        {
            "name": "Torso",
            "time": [0.0, 0.7667, 10000.0],
            "transform": [
                [1.0, 0.0, 0.0, 0.0, 0.0, 1.0, -0.000689, 0.05, 0.0, 0.000689, 1.0, -0.0, 0.0, 0.0, 0.0, 1.0],
                [1.0, -0.0, -0.0, 0.0, 0.0, 1.0, -0.000689, 0.05, -0.0, 0.000689, 1.0, -0.0, 0.0, 0.0, 0.0, 1.0],
                [1.0, -0.0, -0.0, 0.0, 0.0, 1.0, -0.000689, 0.05, -0.0, 0.000689, 1.0, -0.0, 0.0, 0.0, 0.0, 1.0]
            ]
        },
        {
            "name": "Chest",
            "time": [0.0, 0.1, 0.25, 0.7667, 10000.0],
            "transform": [
                [0.998266, 0.00124, -0.058861, -0.0, 0.005524, 0.993394, 0.114617, 0.3, 0.058614, -0.114744, 0.991664, -0.0, 0.0, 0.0, 0.0, 1.0],
                [0.998639, -0.001094, -0.052146, -0.0, 0.001746, 0.999921, 0.012468, 0.3, 0.052128, -0.012542, 0.998562, -0.0, 0.0, 0.0, 0.0, 1.0],
                [0.999572, -0.002603, -0.029133, -0.0, -0.004769, 0.968202, -0.250124, 0.3, 0.028858, 0.250156, 0.967776, -0.0, 0.0, 0.0, 0.0, 1.0],
                [1.0, 0.000148, 1e-06, 0.0, -0.000148, 0.999907, 0.013655, 0.3, 1e-06, -0.013655, 0.999907, -0.0, 0.0, 0.0, 0.0, 1.0],
                [1.0, 0.000148, 1e-06, 0.0, -0.000148, 0.999907, 0.013655, 0.3, 1e-06, -0.013655, 0.999907, -0.0, 0.0, 0.0, 0.0, 1.0]
            ]
        },
        {
            "name": "Head",
            "time": [0.0, 0.1667, 0.3667, 0.7667, 10000.0],
            "transform": [
                [0.998224, -0.00547, 0.059315, 0.0, 0.002728, 0.998928, 0.04621, 0.4, -0.059504, -0.045966, 0.997169, -0.0, 0.0, 0.0, 0.0, 1.0],
                [0.998837, 0.004616, 0.047991, 0.0, 0.012095, 0.939582, -0.342109, 0.4, -0.046671, 0.342292, 0.938434, -0.0, 0.0, 0.0, 0.0, 1.0],
                [0.999668, 0.006038, 0.025056, 0.0, 0.015938, 0.619195, -0.785075, 0.4, -0.020255, 0.785214, 0.618893, 0.0, 0.0, 0.0, 0.0, 1.0],
                [0.999895, 0.001692, 0.014382, -0.0, 0.011487, 0.512089, -0.858855, 0.4, -0.008818, 0.858931, 0.512016, -0.0, 0.0, 0.0, 0.0, 1.0],
                [0.999896, 0.001739, 0.014304, -0.0, 0.011321, 0.519337, -0.854494, 0.4, -0.008914, 0.854568, 0.519264, -0.0, 0.0, 0.0, 0.0, 1.0]
            ]
        },
        {
            "name": "Shoulder_R",