{
    "animation": [
        {
            "name": "Root",
            "time": [0.0, 0.25, 0.5, 0.75, 1.0],
            "transform": [
                [0.988764, -0.038361, 0.144478, -5e-06, 0.149454, 0.272955, -0.950347, 0.000946, -0.002979, 0.961262, 0.275621, 0.737448, 0.0, 0.0, 0.0, 1.0],
                [0.999939, -6.3e-05, 0.011028, -5e-06, 0.010618, 0.275637, -0.961203, 0.000946, -0.002979, 0.961262, 0.275621, 0.754448, 0.0, 0.0, 0.0, 1.0],
                [0.991715, 0.038237, -0.122637, -5e-06, -0.128425, 0.272972, -0.953411, 0.000946, -0.002979, 0.961262, 0.275621, 0.737448, 0.0, 0.0, 0.0, 1.0],
                [0.999694, -0.003906, 0.024427, -5e-06, 0.024557, 0.27561, -0.960956, 0.000946, -0.002979, 0.961262, 0.275621, 0.75432, 0.0, 0.0, 0.0, 1.0],
                [0.988764, -0.038361, 0.144478, -5e-06, 0.149454, 0.272955, -0.950347, 0.000946, -0.002979, 0.961262, 0.275621, 0.737448, 0.0, 0.0, 0.0, 1.0]
            ]
        },
        {
            "name": "Thigh_R",
            "time": [0.0, 0.1333, 0.25, 0.5, 0.6333, 0.8333, 1.0],
            "transform": [
                [0.988038, 0.153592, -0.01379, 0.124994, 0.063979, -0.32691, 0.942888, -0.002831, 0.140312, -0.932489, -0.332827, -1.2e-05, 0.0, 0.0, 0.0, 1.0],
                [0.991913, 0.106536, 0.068984, 0.124994, 0.00034, -0.545746, 0.83795, -0.002831, 0.12692, -0.831148, -0.54137, -1.2e-05, 0.0, 0.0, 0.0, 1.0],
                [0.994457, 0.050448, 0.092247, 0.124994, -0.014827, -0.801311, 0.598062, -0.00283, 0.104089, -0.596113, -0.796124, -1.2e-05, 0.0, 0.0, 0.0, 1.0],
                [0.986705, 0.144797, 0.073794, 0.124994, 0.145193, -0.989401, 1.4e-05, -0.002831, 0.073014, 0.010701, -0.997274, -1.2e-05, 0.0, 0.0, 0.0, 1.0],
                [0.982136, 0.120575, 0.144465, 0.124994, 0.164114, -0.924464, -0.344136, -0.002831, 0.092059, 0.361696, -0.92774, -1.2e-05, 0.0, 0.0, 0.0, 1.0],
                [0.990859, 0.134878, -0.002582, 0.124994, 0.029343, -0.196807, 0.980003, -0.002831, 0.131673, -0.971118, -0.198966, -1.2e-05, 0.0, 0.0, 0.0, 1.0],
                [0.988038, 0.153592, -0.013791, 0.124994, 0.063979, -0.326907, 0.942888, -0.002831, 0.140312, -0.93249, -0.332824, -1.2e-05, 0.0, 0.0, 0.0, 1.0]
            ]
        },
        {
            "name": "Leg_R",
            "time": [0.0, 0.1333, 0.25, 0.5, 0.6333, 0.8333, 1.0],
            "transform": [
                [1.0, -0.0, 1e-06, -0.0, -0.0, 0.980752, 0.195262, 0.374726, -1e-06, -0.195263, 0.98075, 0.0, 0.0, 0.0, 0.0, 1.0],
                [1.0, -0.0, 1e-06, 0.0, -0.0, 0.972649, 0.232283, 0.374726, -1e-06, -0.232284, 0.972647, -0.0, 0.0, 0.0, 0.0, 1.0],
                [1.0, -0.0, 1e-06, -0.0, -0.0, 0.9947, 0.102827, 0.374726, -1e-06, -0.102827, 0.994699, -0.0, 0.0, 0.0, 0.0, 1.0],
                [1.0, -0.0, 1e-06, 0.0, -0.0, 0.894603, 0.446862, 0.374726, -1e-06, -0.446862, 0.894602, 0.0, 0.0, 0.0, 0.0, 1.0],
                [1.0, -0.0, 1e-06, -0.0, -0.0, 0.980948, 0.194275, 0.374726, -1e-06, -0.194275, 0.980946, 0.0, 0.0, 0.0, 0.0, 1.0],
                [1.0, -1e-06, 0.0, 0.0, -0.0, -0.120685, 0.99269, 0.374726, -1e-06, -0.992692, -0.120685, 0.0, 0.0, 0.0, 0.0, 1.0],
                [1.0, -0.0, 1e-06, 0.0, -0.0, 0.98075, 0.195269, 0.374726, -1e-06, -0.195269, 0.980749, -0.0, 0.0, 0.0, 0.0, 1.0]
            ]
        },
        {
            "name": "Knee_R",
            "time": [0.0, 1.0],
            "transform": [
                [1.0, 0.0, -0.0, -0.0, -0.0, 0.00567, -0.999984, 0.374726, -0.0, 0.999984, 0.00567, 0.0, 0.0, 0.0, 0.0, 1.0],
                [1.0, 0.0, -0.0, 0.0, -0.0, 0.00567, -0.999984, 0.374726, -0.0, 0.999984, 0.00567, -0.0, 0.0, 0.0, 0.0, 1.0]
            ]
        },
        {
            "name": "Thigh_L",
            "time": [0.0, 0.1333, 0.5, 0.6333, 0.75, 1.0],
            "transform": [
                [0.989702, -0.134373, -0.049323, -0.125006, -0.132708, -0.990514, 0.035614, -0.002831, -0.053641, -0.028702, -0.998147, -1.2e-05, 0.0, 0.0, 0.0, 1.0],
                [0.985301, -0.125239, -0.116175, -0.125006, -0.15803, -0.926502, -0.341494, -0.002831, -0.064868, 0.354833, -0.932676, -1.2e-05, 0.0, 0.0, 0.0, 1.0],
                [0.98956, -0.138714, 0.039088, -0.125006, -0.086265, -0.352857, 0.931692, -0.002831, -0.115446, -0.925337, -0.36114, -1.2e-05, 0.0, 0.0, 0.0, 1.0],
                [0.995333, -0.086894, -0.041966, -0.125006, -0.015628, -0.574305, 0.818492, -0.00283, -0.095224, -0.814016, -0.572983, -1.2e-05, 0.0, 0.0, 0.0, 1.0],
                [0.99767, -0.042093, -0.053685, -0.125006, 0.003847, -0.750979, 0.660314, -0.002831, -0.068111, -0.658982, -0.749068, -1.2e-05, 0.0, 0.0, 0.0, 1.0],
                [0.989702, -0.134373, -0.049323, -0.125006, -0.132708, -0.990514, 0.035614, -0.002831, -0.053641, -0.028702, -0.998147, -1.2e-05, 0.0, 0.0, 0.0, 1.0]
            ]
        },
        {
            "name": "Leg_L",
            "time": [0.0, 0.1333, 0.5, 0.6333, 0.75, 1.0],
            "transform": [
                [1.0, -0.0, 1e-06, 0.0, -0.0, 0.87854, 0.477668, 0.374726, -1e-06, -0.477668, 0.878541, -0.0, 0.0, 0.0, 0.0, 1.0],
                [1.0, -0.0, 1e-06, -0.0, -0.0, 0.978473, 0.206375, 0.374726, -1e-06, -0.206375, 0.978473, -0.0, 0.0, 0.0, 0.0, 1.0],
                [1.0, -0.0, 1e-06, -0.0, -0.0, 0.989938, 0.141495, 0.374726, -1e-06, -0.141495, 0.989939, -0.0, 0.0, 0.0, 0.0, 1.0],
                [1.0, -0.0, 1e-06, -0.0, -0.0, 0.986566, 0.163361, 0.374726, -1e-06, -0.163361, 0.986567, -0.0, 0.0, 0.0, 0.0, 1.0],
                [1.0, -0.0, 1e-06, 0.0, -0.0, 0.965685, 0.259716, 0.374726, -1e-06, -0.259716, 0.965685, 0.0, 0.0, 0.0, 0.0, 1.0],
                [1.0, -0.0, 1e-06, -0.0, -0.0, 0.87854, 0.477669, 0.374726, -1e-06, -0.477669, 0.87854, -0.0, 0.0, 0.0, 0.0, 1.0]
            ]
        },
        {
            "name": "Knee_L",
            "time": [0.0, 1.0],
            "transform": [
                [1.0, 0.0, -0.0, 0.0, -0.0, 0.00567, -0.999984, 0.374726, -0.0, 0.999984, 0.00567, -0.0, 0.0, 0.0, 0.0, 1.0],
                [1.0, 0.0, -0.0, -0.0, -0.0, 0.00567, -0.999984, 0.374726, -0.0, 0.999984, 0.00567, -0.0, 0.0, 0.0, 0.0, 1.0]
            ]
        },
        {
            "name": "Torso",
            "time": [0.0, 0.5, 1.0],
            "transform": [
                [1.0, 0.0, -0.0, -0.0, -0.0, 1.0, -0.000689, 0.05, -0.0, 0.000689, 1.0, 0.0, 0.0, 0.0, 0.0, 1.0],
                [1.0, 0.0, -0.0, -0.0, -0.0, 1.0, -0.000689, 0.05, -0.0, 0.000689, 1.0, 0.0, 0.0, 0.0, 0.0, 1.0],
                [1.0, 0.0, -0.0, -0.0, -0.0, 1.0, -0.000689, 0.05, -0.0, 0.000689, 1.0, 0.0, 0.0, 0.0, 0.0, 1.0]
            ]
        },
        {
            "name": "Chest",
            "time": [0.0, 0.5, 1.0],
            "transform": [
                [0.836486, 0.149552, -0.527186, -0.0, -0.099976, 0.987542, 0.121512, 0.3, 0.538791, -0.048937, 0.841017, 0.0, 0.0, 0.0, 0.0, 1.0],
                [0.894404, -0.147666, 0.422181, 0.0, 0.110527, 0.987623, 0.111284, 0.3, -0.433388, -0.05287, 0.899655, -0.0, 0.0, 0.0, 0.0, 1.0],
                [0.836486, 0.149552, -0.527186, -0.0, -0.099976, 0.987542, 0.121512, 0.3, 0.538791, -0.048937, 0.841017, 0.0, 0.0, 0.0, 0.0, 1.0]
            ]
        },
        {
            "name": "Head",
            "time": [0.0, 0.5, 1.0],
            "transform": [
                [0.913758, -0.138207, 0.382029, -0.0, 0.146219, 0.989219, 0.008135, 0.4, -0.379034, 0.048427, 0.924114, 0.0, 0.0, 0.0, 0.0, 1.0],
                [0.914116, 0.141956, -0.379791, 0.0, -0.14446, 0.989265, 0.022061, 0.4, 0.378846, 0.034698, 0.924809, 0.0, 0.0, 0.0, 0.0, 1.0],
                [0.913758, -0.138207, 0.382029, -0.0, 0.146219, 0.989219, 0.008135, 0.4, -0.379034, 0.048427, 0.924114, 0.0, 0.0, 0.0, 0.0, 1.0]
            ]
        },
        {
            "name": "Shoulder_R",
            "time": [0.0, 1.0],