{
    "animation": [
        {
            "name": "Root",
            "time": [0.0, 0.0167, 0.1, 0.2167, 0.2333, 0.3167, 0.4333],
            "transform": [
                [0.699431, -0.0, 0.714701, -5e-06, 0.517546, 0.689649, -0.506488, 0.000946, -0.492893, 0.724144, 0.482362, 0.694202, 0.0, 0.0, 0.0, 1.0],
                [0.699431, -0.0, 0.714701, -5e-06, 0.517546, 0.689649, -0.506488, 0.000946, -0.492893, 0.724144, 0.482362, 0.694202, 0.0, 0.0, 0.0, 1.0],
                [0.996041, -0.0, -0.088896, -5e-06, -0.073463, 0.563089, -0.823125, 0.000946, 0.050056, 0.826396, 0.56086, 0.79616, 0.0, 0.0, 0.0, 1.0],
                [0.561812, -0.0, -0.827265, -5e-06, -0.599059, 0.689649, -0.406832, 0.000946, 0.570523, 0.724144, 0.387453, 0.694202, 0.0, 0.0, 0.0, 1.0],
                [0.561812, -0.0, -0.827265, -5e-06, -0.599059, 0.689649, -0.406832, 0.000946, 0.570523, 0.724144, 0.387453, 0.694202, 0.0, 0.0, 0.0, 1.0],
                [0.996041, -0.0, -0.088896, -5e-06, -0.073229, 0.566932, -0.820503, 0.000946, 0.050398, 0.823765, 0.564687, 0.79458, 0.0, 0.0, 0.0, 1.0],
                [0.699431, -0.0, 0.714701, -5e-06, 0.517546, 0.689649, -0.506488, 0.000946, -0.492893, 0.724144, 0.482362, 0.694202, 0.0, 0.0, 0.0, 1.0]
            ]
        },
        {
            "name": "Thigh_R",
            "time": [0.0, 0.0167, 0.1, 0.1333, 0.2167, 0.2333, 0.3167, 0.3833, 0.4333],
            "transform": [
                [0.672873, 0.735552, -0.078751, 0.124994, -0.007778, 0.113483, 0.99351, -0.002831, 0.739716, -0.667892, 0.082081, -1.2e-05, 0.0, 0.0, 0.0, 1.0],
                [0.672873, 0.735552, -0.078751, 0.124994, -0.007778, 0.113483, 0.99351, -0.002831, 0.739716, -0.667892, 0.082081, -1.2e-05, 0.0, 0.0, 0.0, 1.0],
                [0.995728, -0.025975, -0.088598, 0.124994, 0.01709, -0.89117, 0.453344, -0.002831, -0.090732, -0.45292, -0.886922, -1.2e-05, 0.0, 0.0, 0.0, 1.0],
                [0.934597, -0.264307, -0.238053, 0.124994, -0.027299, -0.72056, 0.692854, -0.002831, -0.354658, -0.641039, -0.680651, -1.2e-05, 0.0, 0.0, 0.0, 1.0],
                [0.593853, 0.093232, -0.799154, 0.124994, -0.022625, -0.990933, -0.132419, -0.002831, -0.804255, 0.096719, -0.586361, -1.2e-05, 0.0, 0.0, 0.0, 1.0],
                [0.593853, 0.093232, -0.799154, 0.124994, -0.022625, -0.990933, -0.132419, -0.002831, -0.804255, 0.096719, -0.586361, -1.2e-05, 0.0, 0.0, 0.0, 1.0],
                [0.995681, -0.089258, -0.025521, 0.124994, 0.013805, -0.129489, 0.991485, -0.00283, -0.091803, -0.987553, -0.127698, -1.2e-05, 0.0, 0.0, 0.0, 1.0],
                [0.905855, 0.416546, 0.076906, 0.124994, 0.00257, -0.186961, 0.982364, -0.002831, 0.423579, -0.889681, -0.17043, -1.2e-05, 0.0, 0.0, 0.0, 1.0],
                [0.672873, 0.735552, -0.078751, 0.124994, -0.007778, 0.113483, 0.99351, -0.002831, 0.739716, -0.667892, 0.082081, -1.2e-05, 0.0, 0.0, 0.0, 1.0]
            ]
        },
        {
            "name": "Leg_R",
            "time": [0.0, 0.0167, 0.1, 0.1333, 0.2167, 0.2333, 0.3167, 0.3833, 0.4333],
            "transform": [
                [1.0, -1e-06, 1e-06, -0.0, -0.0, 0.593233, 0.80503, 0.374726, -1e-06, -0.805032, 0.593232, 0.0, 0.0, 0.0, 0.0, 1.0],
                [1.0, -1e-06, 1e-06, -0.0, -0.0, 0.593233, 0.80503, 0.374726, -1e-06, -0.805032, 0.593232, 0.0, 0.0, 0.0, 0.0, 1.0],
                [1.0, -0.0, 1e-06, 0.0, -0.0, 0.999158, 0.041051, 0.374726, -1e-06, -0.041051, 0.999156, -0.0, 0.0, 0.0, 0.0, 1.0],
                [1.0, -1e-06, 1e-06, -0.0, -0.0, 0.472352, 0.881409, 0.374726, -1e-06, -0.881411, 0.472351, -0.0, 0.0, 0.0, 0.0, 1.0],
                [1.0, -1e-06, 1e-06, 0.0, -0.0, 0.700777, 0.71338, 0.374726, -1e-06, -0.713381, 0.700776, 0.0, 0.0, 0.0, 0.0, 1.0],
                [1.0, -1e-06, 1e-06, 0.0, -0.0, 0.700777, 0.71338, 0.374726, -1e-06, -0.713381, 0.700776, 0.0, 0.0, 0.0, 0.0, 1.0],
                [1.0, -1e-06, 0.0, -0.0, -0.0, -0.300258, 0.953857, 0.374726, -1e-06, -0.953859, -0.300257, -0.0, 0.0, 0.0, 0.0, 1.0],
                [1.0, 0.0, 1e-06, -0.0, -0.0, 0.999989, 0.004789, 0.374726, -1e-06, -0.004789, 0.999988, -0.0, 0.0, 0.0, 0.0, 1.0],
                [1.0, -1e-06, 1e-06, -0.0, -0.0, 0.593233, 0.80503, 0.374726, -1e-06, -0.805032, 0.593232, 0.0, 0.0, 0.0, 0.0, 1.0]
            ]
        },
        {
            "name": "Knee_R",
            "time": [0.0, 0.4333],
            "transform": [
                [1.0, 0.0, -0.0, 0.0, -0.0, 0.00567, -0.999984, 0.416826, -0.0, 0.999984, 0.00567, -0.000239, 0.0, 0.0, 0.0, 1.0],
                [1.0, 0.0, -0.0, 0.0, -0.0, 0.00567, -0.999984, 0.416826, -0.0, 0.999984, 0.00567, -0.000239, 0.0, 0.0, 0.0, 1.0]
            ]
        },
        {
            "name": "Thigh_L",
            "time": [0.0, 0.0167, 0.0667, 0.1, 0.1667, 0.2167, 0.2333, 0.3167, 0.35, 0.4333],
            "transform": [
                [0.715242, -0.207781, 0.667274, -0.125006, 0.014544, -0.950149, -0.311454, -0.002831, 0.698724, 0.23247, -0.676566, -1.2e-05, 0.0, 0.0, 0.0, 1.0],
                [0.715242, -0.207781, 0.667274, -0.125006, 0.014544, -0.950149, -0.311454, -0.002831, 0.698724, 0.23247, -0.676566, -1.2e-05, 0.0, 0.0, 0.0, 1.0],
                [0.952816, 0.285105, 0.10419, -0.125006, 0.047719, -0.479661, 0.876155, -0.002831, 0.299772, -0.829843, -0.470634, -1.2e-05, 0.0, 0.0, 0.0, 1.0],
                [0.996161, -0.084514, 0.022794, -0.125006, -0.019919, 0.034706, 0.999199, -0.00283, -0.085238, -0.995817, 0.03289, -1.2e-05, 0.0, 0.0, 0.0, 1.0],
                [0.814886, -0.567442, -0.118196, -0.125006, 0.011985, -0.18738, 0.982214, -0.002831, -0.579497, -0.801808, -0.145893, -1.2e-05, 0.0, 0.0, 0.0, 1.0],
                [0.519772, -0.829986, 0.202384, -0.125006, 0.019415, 0.248314, 0.968485, -0.002831, -0.854084, -0.499462, 0.145181, -1.2e-05, 0.0, 0.0, 0.0, 1.0],
                [0.519772, -0.829986, 0.202384, -0.125006, 0.019415, 0.248314, 0.968485, -0.002831, -0.854084, -0.499462, 0.145181, -1.2e-05, 0.0, 0.0, 0.0, 1.0],
                [0.996699, -0.049942, -0.063994, -0.125006, -0.007755, -0.843315, 0.537363, -0.00283, -0.080804, -0.535093, -0.840919, -1.2e-05, 0.0, 0.0, 0.0, 1.0],
                [0.980319, 0.159085, 0.116897, -0.125006, 0.031307, -0.709919, 0.703587, -0.002831, 0.194917, -0.68608, -0.700928, -1.2e-05, 0.0, 0.0, 0.0, 1.0],
                [0.715242, -0.207781, 0.667274, -0.125006, 0.014544, -0.950149, -0.311454, -0.002831, 0.698724, 0.23247, -0.676566, -1.2e-05, 0.0, 0.0, 0.0, 1.0]
            ]
        },
        {
            "name": "Leg_L",
            "time": [0.0, 0.0167, 0.1, 0.1667, 0.2167, 0.2333, 0.3167, 0.35, 0.4333],
            "transform": [
                [1.0, -0.0, 1e-06, -0.0, -0.0, 0.881814, 0.471596, 0.374726, -1e-06, -0.471596, 0.881815, 0.0, 0.0, 0.0, 0.0, 1.0],
                [1.0, -0.0, 1e-06, -0.0, -0.0, 0.881814, 0.471596, 0.374726, -1e-06, -0.471596, 0.881815, 0.0, 0.0, 0.0, 0.0, 1.0],
                [1.0, -1e-06, 0.0, -0.0, -0.0, -0.092579, 0.995706, 0.374726, -1e-06, -0.995705, -0.092579, -0.0, 0.0, 0.0, 0.0, 1.0],
                [1.0, -0.0, 1e-06, -0.0, -0.0, 0.999988, 0.004718, 0.374726, -1e-06, -0.004718, 0.999989, 0.0, 0.0, 0.0, 0.0, 1.0],
                [1.0, -1e-06, 1e-06, -0.0, -0.0, 0.474414, 0.880302, 0.374726, -1e-06, -0.880301, 0.474414, 0.0, 0.0, 0.0, 0.0, 1.0],
                [1.0, -1e-06, 1e-06, -0.0, -0.0, 0.474414, 0.880302, 0.374726, -1e-06, -0.880301, 0.474414, 0.0, 0.0, 0.0, 0.0, 1.0],
                [1.0, -0.0, 1e-06, -0.0, -0.0, 0.985272, 0.170991, 0.374726, -1e-06, -0.170991, 0.985273, 0.0, 0.0, 0.0, 0.0, 1.0],
                [1.0, -1e-06, 1e-06, 0.0, -0.0, 0.450433, 0.89281, 0.374726, -1e-06, -0.89281, 0.450433, 0.0, 0.0, 0.0, 0.0, 1.0],
                [1.0, -0.0, 1e-06, -0.0, -0.0, 0.881814, 0.471596, 0.374726, -1e-06, -0.471596, 0.881815, 0.0, 0.0, 0.0, 0.0, 1.0]
            ]
        },
        {
            "name": "Knee_L",
            "time": [0.0, 0.4333],