{
    "animation": [
        {
            "name": "Coord",
            "time": [0.0, 0.1833, 0.65],
            "transform": [
                [1.0, 0.0, 0.0, -0.138447, 0.0, 0.0, -1.0, 2e-06, 0.0, 1.0, 0.0, -0.000216, 0.0, 0.0, 0.0, 1.0],
                [1.0, 0.0, 0.0, -0.44302, 0.0, 0.0, -1.0, 2e-06, 0.0, 1.0, 0.0, -0.000216, 0.0, 0.0, 0.0, 1.0],
                [1.0, 0.0, 0.0, -0.44302, 0.0, 0.0, -1.0, 2e-06, 0.0, 1.0, 0.0, -0.000216, 0.0, 0.0, 0.0, 1.0]
            ]
        },
        {
            "name": "Root",
            "time": [0.0, 0.05, 0.1833, 0.3167, 0.4833, 0.65],
            "transform": [
                [0.987317, 0.072789, -0.141089, -0.076248, -0.087074, 0.991383, -0.097868, 0.919511, 0.13275, 0.108912, 0.985147, -0.031703, 0.0, 0.0, 0.0, 1.0],
                [0.977324, 0.162592, -0.13565, -0.171558, -0.189835, 0.956587, -0.221141, 0.975765, 0.093805, 0.241878, 0.965762, -0.070152, 0.0, 0.0, 0.0, 1.0],
                [0.987384, 0.142139, -0.069776, -0.056023, -0.149276, 0.982568, -0.110799, 0.879943, 0.052811, 0.119817, 0.99139, -0.035548, 0.0, 0.0, 0.0, 1.0],
                [1.0, 0.000346, 0.0, 0.059512, -0.000346, 1.0, 0.0, 0.784121, 0.0, 0.0, 1.0, -0.000944, 0.0, 0.0, 0.0, 1.0],
                [1.0, 0.0, 0.0, -0.048474, 0.0, 1.0, 0.0, 0.764187, 0.0, 0.0, 1.0, -0.000944, 0.0, 0.0, 0.0, 1.0],
                [1.0, 0.0, 0.0, 0.0, 0.0, 1.0, 0.0, 0.764187, 0.0, 0.0, 1.0, -0.000944, 0.0, 0.0, 0.0, 1.0]
            ]
        },
        {
            "name": "Thigh_R",
            "time": [0.0, 0.05, 0.1167, 0.1833, 0.3167, 0.35, 0.5167, 0.65],
            "transform": [
                [0.962574, 0.212216, -0.168566, 0.124994, 0.222413, -0.973963, 0.043887, -0.002831, -0.154864, -0.079736, -0.984713, -1.2e-05, 0.0, 0.0, 0.0, 1.0],
                [0.870876, 0.272989, -0.408719, 0.123756, 0.318281, -0.946892, 0.045733, -0.00586, -0.374528, -0.169915, -0.911514, -0.0173, 0.0, 0.0, 0.0, 1.0],
                [0.993969, -0.054217, -0.095319, 0.112185, -0.033043, -0.976906, 0.211094, -0.043674, -0.104562, -0.206671, -0.972808, 0.010447, 0.0, 0.0, 0.0, 1.0],
                [0.965176, -0.18307, 0.186867, 0.10585, -0.226928, -0.941297, 0.249925, -0.058657, 0.130143, -0.283627, -0.950063, 0.035348, 0.0, 0.0, 0.0, 1.0],
                [0.995311, 0.094806, 0.019148, 0.121624, 0.089433, -0.977492, 0.191075, -0.005576, 0.036832, -0.188466, -0.981389, 0.006981, 0.0, 0.0, 0.0, 1.0],
                [0.995014, 0.099711, 0.001714, 0.124988, 0.09855, -0.985773, 0.136152, -0.002076, 0.015266, -0.135304, -0.990687, -0.000785, 0.0, 0.0, 0.0, 1.0],
                [0.995561, -0.0937, 0.008808, 0.124994, -0.093241, -0.994718, -0.042897, -0.002831, 0.012781, 0.041886, -0.999041, -1.2e-05, 0.0, 0.0, 0.0, 1.0],
                [0.999779, 0.018011, 0.010754, 0.124994, 0.018191, -0.999691, -0.016888, -0.002831, 0.010447, 0.01708, -0.9998, -1.2e-05, 0.0, 0.0, 0.0, 1.0]
            ]
        },
        {
            "name": "Leg_R",
            "time": [0.0, 0.05, 0.2333, 0.3167, 0.35, 0.5167, 0.65],
            "transform": [
                [1.000001, -0.0, 1e-06, 0.0, -0.0, 0.969284, 0.245969, 0.374726, -1e-06, -0.245972, 0.969271, 0.0, 0.0, 0.0, 0.0, 1.0],
                [1.000001, -0.0, 1e-06, -0.0, -0.0, 0.926951, 0.375195, 0.374726, -1e-06, -0.3752, 0.926939, -0.0, 0.0, 0.0, 0.0, 1.0],
                [1.000001, -1e-06, 1e-06, 0.0, -0.0, 0.813181, 0.582014, 0.374726, -1e-06, -0.582022, 0.813171, 0.0, 0.0, 0.0, 0.0, 1.0],
                [1.000001, -0.0, 1e-06, 0.0, -0.0, 0.962172, 0.272463, 0.374726, -1e-06, -0.272466, 0.96216, 0.0, 0.0, 0.0, 0.0, 1.0],
                [1.000001, -0.0, 1e-06, 0.0, -0.0, 0.951115, 0.308852, 0.374726, -1e-06, -0.308856, 0.951103, 0.0, 0.0, 0.0, 0.0, 1.0],
                [1.000001, -0.0, 1e-06, 0.0, -0.0, 0.997565, 0.069837, 0.374726, -1e-06, -0.069838, 0.997552, 0.0, 0.0, 0.0, 0.0, 1.0],
                [1.000001, -0.0, 1e-06, -0.0, -0.0, 0.999995, 0.00468, 0.374726, -1e-06, -0.00468, 0.999983, 0.0, 0.0, 0.0, 0.0, 1.0]
            ]
        },
        {
            "name": "Knee_R",
            "time": [0.0, 0.65],
            "transform": [
                [1.0, 0.0, -0.0, 0.0, -0.0, 0.00567, -0.999984, 0.374726, -0.0, 0.999984, 0.00567, 0.0, 0.0, 0.0, 0.0, 1.0],
                [1.0, 0.0, -0.0, 0.0, -0.0, 0.00567, -0.999984, 0.374726, -0.0, 0.999984, 0.00567, 0.0, 0.0, 0.0, 0.0, 1.0]
            ]
        },
        {
            "name": "Thigh_L",
            "time": [0.0, 0.05, 0.1167, 0.1833, 0.3167, 0.35, 0.5167, 0.65],
            "transform": [
                [0.973301, 0.157291, -0.167167, -0.125006, 0.164716, -0.98584, 0.031431, -0.002831, -0.159855, -0.058127, -0.985428, -1.2e-05, 0.0, 0.0, 0.0, 1.0],
                [0.896754, 0.214689, -0.386965, -0.123768, 0.242973, -0.969709, 0.02507, 0.000199, -0.369861, -0.116503, -0.921754, 0.017276, 0.0, 0.0, 0.0, 1.0],
                [0.989768, -0.11583, -0.083322, -0.112234, -0.108408, -0.990142, 0.088692, 0.039092, -0.092773, -0.078751, -0.992569, -0.006148, 0.0, 0.0, 0.0, 1.0],
                [0.947515, -0.261106, 0.184495, -0.105936, -0.272266, -0.961489, 0.037541, 0.055154, 0.167588, -0.085803, -0.982117, -0.026727, 0.0, 0.0, 0.0, 1.0],
                [0.999713, 0.020266, 0.01272, -0.121649, 0.018026, -0.987499, 0.15659, 0.002072, 0.015735, -0.156316, -0.987582, -0.006274, 0.0, 0.0, 0.0, 1.0],
                [0.999687, 0.020738, -0.014007, -0.124998, 0.022559, -0.98908, 0.145641, -0.001429, -0.010834, -0.145912, -0.989239, -0.000487, 0.0, 0.0, 0.0, 1.0],
                [0.991103, -0.130779, -0.024724, -0.125006, -0.131829, -0.990152, -0.047119, -0.002831, -0.018318, 0.049959, -0.998584, -1.2e-05, 0.0, 0.0, 0.0, 1.0],
                [0.999702, -0.011581, -0.021468, -0.125006, -0.011742, -0.999904, -0.007385, -0.002831, -0.02138, 0.007635, -0.999743, -1.2e-05, 0.0, 0.0, 0.0, 1.0]
            ]
        },
        {
            "name": "Leg_L",
            "time": [0.0, 0.05, 0.2333, 0.3167, 0.35, 0.5167, 0.65],
            "transform": [
                [1.0, -0.0, 1e-06, 0.0, -0.0, 0.98767, 0.156559, 0.374726, -1e-06, -0.15656, 0.987663, -0.0, 0.0, 0.0, 0.0, 1.0],
                [1.0, -0.0, 1e-06, -0.0, -0.0, 0.971956, 0.235169, 0.374726, -1e-06, -0.235171, 0.971948, 0.0, 0.0, 0.0, 0.0, 1.0],
                [1.0, -0.0, 1e-06, 0.0, -0.0, 0.964619, 0.263654, 0.374726, -1e-06, -0.263656, 0.964611, 0.0, 0.0, 0.0, 0.0, 1.0],
                [1.0, -0.0, 1e-06, 0.0, -0.0, 0.976362, 0.216148, 0.374726, -1e-06, -0.216149, 0.976355, 0.0, 0.0, 0.0, 0.0, 1.0],
                [1.0, -0.0, 1e-06, -0.0, -0.0, 0.951111, 0.308854, 0.374726, -1e-06, -0.308856, 0.951103, -0.0, 0.0, 0.0, 0.0, 1.0],
                [1.0, -0.0, 1e-06, 0.0, -0.0, 0.993749, 0.111649, 0.374726, -1e-06, -0.111649, 0.993742, -0.0, 0.0, 0.0, 0.0, 1.0],
                [1.0, -0.0, 1e-06, -0.0, -0.0, 0.999991, 0.004681, 0.374726, -1e-06, -0.004681, 0.999983, -0.0, 0.0, 0.0, 0.0, 1.0]
            ]
        },
        {
            "name": "Knee_L",
            "time": [0.0, 0.65],
            "transform": [
                [1.0, 0.0, -0.0, 0.0, -0.0, 0.00567, -0.999984, 0.374726, -0.0, 0.999984, 0.00567, -0.0, 0.0, 0.0, 0.0, 1.0],
                [1.0, 0.0, -0.0, -0.0, -0.0, 0.00567, -0.999984, 0.374726, -0.0, 0.999984, 0.00567, -0.0, 0.0, 0.0, 0.0, 1.0]
            ]
        },
        {
            "name": "Torso",
            "time": [0.0, 0.1833, 0.3167, 0.4833, 0.65],