{
    "animation": [
        {
            "name": "Root",
            "time": [0.0, 1.3333, 2.6667],
            "transform": [
                [1.0, 0.0, 0.0, -5e-06, 0.0, 0.0, -1.0, 0.000946, 0.0, 1.0, 0.0, 0.760649, 0.0, 0.0, 0.0, 1.0],
                [1.0, 0.0, 0.0, -5e-06, 0.0, 0.007502, -0.999972, 0.000946, 0.0, 0.999972, 0.007502, 0.760649, 0.0, 0.0, 0.0, 1.0],
                [1.0, 0.0, 0.0, -5e-06, 0.0, 0.0, -1.0, 0.000946, 0.0, 1.0, 0.0, 0.760649, 0.0, 0.0, 0.0, 1.0]
            ]
        },
        {
            "name": "Thigh_R",
            "time": [0.0, 0.6667, 1.3333, 2.0, 2.6667],
            "transform": [
                [0.999727, 0.019419, 0.012963, 0.124994, 0.018256, -0.996254, 0.084499, -0.002831, 0.014556, -0.08424, -0.99634, -1.2e-05, 0.0, 0.0, 0.0, 1.0],
                [0.999627, 0.025637, 0.00937, 0.124994, 0.025204, -0.998723, 0.043741, -0.002831, 0.010479, -0.043489, -0.998999, -1.2e-05, 0.0, 0.0, 0.0, 1.0],
                [0.999718, 0.018903, 0.014366, 0.124994, 0.019061, -0.999757, -0.010943, -0.002831, 0.014155, 0.011213, -0.999837, -1.2e-05, 0.0, 0.0, 0.0, 1.0],
                [0.999752, 0.015495, 0.015974, 0.124994, 0.014743, -0.998825, 0.046127, -0.002831, 0.01667, -0.04588, -0.998808, -1.2e-05, 0.0, 0.0, 0.0, 1.0],
                [0.999727, 0.019419, 0.012963, 0.124994, 0.018256, -0.996254, 0.084499, -0.002831, 0.014556, -0.08424, -0.99634, -1.2e-05, 0.0, 0.0, 0.0, 1.0]
            ]
        },
        {
            "name": "Leg_R",
            "time": [0.0, 0.6667, 1.3333, 2.0, 2.6667],
            "transform": [
                [1.0, -0.0, 1e-06, 0.0, -0.0, 0.98142, 0.191884, 0.374726, -1e-06, -0.191884, 0.981414, 0.0, 0.0, 0.0, 0.0, 1.0],
                [1.0, -0.0, 1e-06, -0.0, -0.0, 0.985707, 0.168486, 0.374726, -1e-06, -0.168486, 0.985701, -0.0, 0.0, 0.0, 0.0, 1.0],
                [1.0, -0.0, 1e-06, 0.0, -0.0, 0.993096, 0.117332, 0.374726, -1e-06, -0.117333, 0.99309, -0.0, 0.0, 0.0, 0.0, 1.0],
                [1.0, -0.0, 1e-06, -0.0, -0.0, 0.984884, 0.173232, 0.374726, -1e-06, -0.173233, 0.984878, -0.0, 0.0, 0.0, 0.0, 1.0],
                [1.0, -0.0, 1e-06, 0.0, -0.0, 0.98142, 0.191884, 0.374726, -1e-06, -0.191884, 0.981414, 0.0, 0.0, 0.0, 0.0, 1.0]
            ]
        },
        {
            "name": "Knee_R",
            "time": [0.0, 2.6667],
            "transform": [
                [1.0, 0.0, -0.0, 0.0, -0.0, 0.00567, -0.999984, 0.374726, -0.0, 0.999984, 0.00567, 0.0, 0.0, 0.0, 0.0, 1.0],
                [1.0, 0.0, -0.0, 0.0, -0.0, 0.00567, -0.999984, 0.374726, -0.0, 0.999984, 0.00567, 0.0, 0.0, 0.0, 0.0, 1.0]
            ]
        },
        {
            "name": "Thigh_L",
            "time": [0.0, 0.6667, 1.3333, 2.0, 2.6667],
            "transform": [
                [0.999677, -0.012482, -0.022124, -0.125006, -0.013223, -0.999344, -0.033691, -0.002831, -0.021689, 0.033972, -0.999187, -1.2e-05, 0.0, 0.0, 0.0, 1.0],
                [0.999652, -0.019607, -0.017614, -0.125006, -0.018988, -0.999218, 0.034658, -0.002831, -0.018279, -0.034312, -0.999244, -1.2e-05, 0.0, 0.0, 0.0, 1.0],
                [0.999676, -0.013476, -0.021576, -0.125006, -0.011642, -0.996483, 0.082969, -0.002831, -0.022619, -0.082691, -0.996318, -1.2e-05, 0.0, 0.0, 0.0, 1.0],
                [0.999664, -0.009405, -0.024145, -0.125006, -0.008524, -0.999302, 0.03635, -0.002831, -0.02447, -0.036132, -0.999047, -1.2e-05, 0.0, 0.0, 0.0, 1.0],
                [0.999677, -0.012482, -0.022124, -0.125006, -0.013223, -0.999344, -0.033691, -0.002831, -0.021689, 0.033972, -0.999187, -1.2e-05, 0.0, 0.0, 0.0, 1.0]
            ]
        },
        {
            "name": "Leg_L",
            "time": [0.0, 0.6667, 1.3333, 2.0, 2.6667],
            "transform": [
                [1.0, -0.0, 1e-06, -0.0, -0.0, 0.996588, 0.082546, 0.374726, -1e-06, -0.082546, 0.996587, -0.0, 0.0, 0.0, 0.0, 1.0],
                [1.0, -0.0, 1e-06, 0.0, -0.0, 0.98929, 0.145968, 0.374726, -1e-06, -0.145968, 0.989289, -0.0, 0.0, 0.0, 0.0, 1.0],
                [1.0, -0.0, 1e-06, 0.0, -0.0, 0.985493, 0.169719, 0.374726, -1e-06, -0.169719, 0.985493, 0.0, 0.0, 0.0, 0.0, 1.0],
                [1.0, -0.0, 1e-06, 0.0, -0.0, 0.988747, 0.1496, 0.374726, -1e-06, -0.1496, 0.988747, -0.0, 0.0, 0.0, 0.0, 1.0],
                [1.0, -0.0, 1e-06, -0.0, -0.0, 0.996588, 0.082546, 0.374726, -1e-06, -0.082546, 0.996587, -0.0, 0.0, 0.0, 0.0, 1.0]
            ]
        },
        {
            "name": "Knee_L",
            "time": [0.0, 2.6667],
            "transform": [
                [1.0, 0.0, -0.0, -0.0, -0.0, 0.00567, -0.999984, 0.374726, -0.0, 0.999984, 0.00567, -0.0, 0.0, 0.0, 0.0, 1.0],
                [1.0, 0.0, -0.0, -0.0, -0.0, 0.00567, -0.999984, 0.374726, -0.0, 0.999984, 0.00567, -0.0, 0.0, 0.0, 0.0, 1.0]
            ]
        },
        {
            "name": "Torso",
            "time": [0.0, 2.6667],
            "transform": [
                [1.0, 0.0, 0.0, 0.0, 0.0, 1.0, 0.0, 0.05, 0.0, 0.0, 1.0, 0.0, 0.0, 0.0, 0.0, 1.0],
                [1.0, 0.0, 0.0, 0.0, 0.0, 1.0, 0.0, 0.05, 0.0, 0.0, 1.0, 0.0, 0.0, 0.0, 0.0, 1.0]
            ]
        },
        {
            "name": "Chest",
            "time": [0.0, 1.3333, 2.6667],
            "transform": [
                [1.0, 0.0, 0.0, 0.0, 0.0, 1.0, 0.0, 0.3, 0.0, 0.0, 1.0, 0.0, 0.0, 0.0, 0.0, 1.0],
                [1.0, 0.0, 0.0, 0.0, 0.0, 0.999424, -0.033933, 0.3, 0.0, 0.033933, 0.999424, 0.0, 0.0, 0.0, 0.0, 1.0],
                [1.0, 0.0, 0.0, 0.0, 0.0, 1.0, 0.0, 0.3, 0.0, 0.0, 1.0, 0.0, 0.0, 0.0, 0.0, 1.0]
            ]
        },
        {
            "name": "Head",
            "time": [0.0, 1.3333, 2.6667],
            "transform": [
                [1.0, 0.0, 0.0, 0.0, 0.0, 0.98724, 0.159241, 0.4, 0.0, -0.159241, 0.98724, 0.0, 0.0, 0.0, 0.0, 1.0],
                [1.0, 0.0, 0.0, 0.0, 0.0, 0.981041, 0.193801, 0.4, 0.0, -0.193801, 0.981041, -0.0, 0.0, 0.0, 0.0, 1.0],
                [1.0, 0.0, 0.0, 0.0, 0.0, 0.98724, 0.159241, 0.4, 0.0, -0.159241, 0.98724, 0.0, 0.0, 0.0, 0.0, 1.0]
            ]
        },
        {
            "name": "Shoulder_R",
            "time": [0.0, 2.6667],
            "transform": [
                [0.0, 0.952114, 0.305743, 0.0, 0.0, -0.305743, 0.952114, 0.537807, 1.0, 0.0, -0.0, 0.0, 0.0, 0.0, 0.0, 1.0],
                [0.0, 0.952114, 0.305743, 0.0, 0.0, -0.305743, 0.952114, 0.537807, 1.0, 0.0, -0.0, 0.0, 0.0, 0.0, 0.0, 1.0]
            ]
        },
        {
            "name": "Arm_R",
            "time": [0.0, 1.3333, 2.6667],
            "transform": [
                [0.951934, -0.164593, 0.258327, -0.0, 0.250954, -0.064478, -0.965849, 0.39386, 0.175628, 0.984252, -0.020073, 0.0, 0.0, 0.0, 0.0, 1.0],
                [0.94588, -0.199742, 0.255764, 0.0, 0.244247, -0.080743, -0.966346, 0.393861, 0.213671, 0.976517, -0.027587, 0.0, 0.0, 0.0, 0.0, 1.0],
                [0.951934, -0.164593, 0.258327, -0.0, 0.250954, -0.064478, -0.965849, 0.39386, 0.175628, 0.984252, -0.020073, 0.0, 0.0, 0.0, 0.0, 1.0]
            ]
        },
        {
            "name": "Hand_R",
            "time": [0.0, 1.3333, 2.6667],
            "transform": [
                [1.0, -1e-06, 0.0, 0.0, 1e-06, 0.967385, -0.253311, 0.300003, 0.0, 0.253311, 0.967385, -0.0, 0.0, 0.0, 0.0, 1.0],
                [1.0, -1e-06, 0.0, 0.0, 1e-06, 0.976637, -0.214898, 0.300003, 0.0, 0.214898, 0.976637, -0.0, 0.0, 0.0, 0.0, 1.0],
                [1.0, -1e-06, 0.0, 0.0, 1e-06, 0.967385, -0.253311, 0.300003, 0.0, 0.253311, 0.967385, -0.0, 0.0, 0.0, 0.0, 1.0]
            ]
        },
        {
            "name": "Tool_R",
            "time": [0.0, 2.6667],
            "transform": [
                [1.0, -0.0, 0.0, 0.0, 0.0, -0.999559, -0.029689, 0.271711, 0.0, 0.029689, -0.99956, -0.028915, 0.0, 0.0, 0.0, 1.0],
                [1.0, -0.0, 0.0, 0.0, 0.0, -0.999559, -0.029689, 0.271711, 0.0, 0.029689, -0.99956, -0.028915, 0.0, 0.0, 0.0, 1.0]
            ]
        },
        {
            "name": "Elbow_R",