{
    "animation": [
        {
            "name": "Coord",
            "time": [0.0, 0.3167, 0.45],
            "transform": [
                [1.0, 0.0, 0.0, -5e-06, 0.0, 0.0, -1.0, 2e-06, 0.0, 1.0, 0.0, -0.000216, 0.0, 0.0, 0.0, 1.0],
                [1.0, 0.0, 0.0, -5e-06, 0.0, 0.0, -1.0, 0.602217, 0.0, 1.0, 0.0, -0.000216, 0.0, 0.0, 0.0, 1.0],
                [1.0, 0.0, 0.0, -5e-06, 0.0, 0.0, -1.0, 0.609459, 0.0, 1.0, 0.0, -0.000216, 0.0, 0.0, 0.0, 1.0]
            ]
        },
        {
            "name": "Root",
            "time": [0.0, 0.0667, 0.1333, 0.25, 0.3167, 0.45],
            "transform": [
                [1.0, 0.0, 0.0, 0.0, 0.0, 1.0, 0.0, 0.860865, 0.0, 0.0, 1.0, -0.000944, 0.0, 0.0, 0.0, 1.0],
                [0.91738, 0.0295, 0.396918, 0.075806, -0.04334, 0.998723, 0.025943, 0.816283, -0.395646, -0.041002, 0.917488, 0.000289, 0.0, 0.0, 0.0, 1.0],
                [0.645551, 0.040153, 0.762661, 0.151613, -0.09953, 0.994524, 0.031886, 0.843406, -0.757204, -0.096492, 0.646012, 0.001522, 0.0, 0.0, 0.0, 1.0],
                [0.3062, -0.104947, 0.946165, 0.196933, 0.085902, 0.992896, 0.08233, 1.021182, -0.948084, 0.056068, 0.31304, -0.025066, 0.0, 0.0, 0.0, 1.0],
                [0.249476, -0.062213, 0.966381, 0.145888, 0.084987, 0.99549, 0.042147, 0.990791, -0.964645, 0.071615, 0.253638, 0.002861, 0.0, 0.0, 0.0, 1.0],
                [0.202769, 0.007963, 0.979194, 4.6e-05, 0.048166, 0.998675, -0.018095, 0.903959, -0.978041, 0.050833, 0.202117, -0.002971, 0.0, 0.0, 0.0, 1.0]
            ]
        },
        {
            "name": "Thigh_R",
            "time": [0.0, 0.1333, 0.25, 0.3167, 0.45],
            "transform": [
                [0.999727, 0.019055, 0.013488, 0.124994, 0.018249, -0.998174, 0.057552, -0.002831, 0.01456, -0.05729, -0.998252, -1.2e-05, 0.0, 0.0, 0.0, 1.0],
                [0.619203, 0.569736, 0.540358, 0.121931, 0.468035, -0.820338, 0.328613, -0.026957, 0.6305, 0.049428, -0.774614, 0.013197, 0.0, 0.0, 0.0, 1.0],
                [0.559812, 0.47016, 0.682319, 0.124994, 0.337442, -0.88142, 0.330499, -0.002831, 0.756797, 0.045226, -0.652083, -1.2e-05, 0.0, 0.0, 0.0, 1.0],
                [0.567055, 0.809191, 0.153805, 0.124741, 0.331268, -0.395008, 0.856872, 0.004755, 0.754128, -0.434942, -0.492051, -0.002423, 0.0, 0.0, 0.0, 1.0],
                [0.533726, 0.843633, 0.058453, 0.124994, 0.175248, -0.177962, 0.968307, -0.002831, 0.827299, -0.506566, -0.242829, -1.2e-05, 0.0, 0.0, 0.0, 1.0]
            ]
        },
        {
            "name": "Leg_R",
            "time": [0.0, 0.45, 0.1333, 0.25, 0.3167],
            "transform": [
                [1.0, -0.0, 1e-06, -0.0, -0.0, 0.989772, 0.142662, 0.374726, -1e-06, -0.142663, 0.989771, 0.0, 0.0, 0.0, 0.0, 1.0],
                [1.0, -0.0, 1e-06, -0.0, -0.0, 0.929676, 0.36838, 0.374726, -1e-06, -0.36838, 0.929675, -0.0, 0.0, 0.0, 0.0, 1.0],
                [1.0, -1e-06, 1e-06, -0.0, -0.0, 0.640489, 0.767967, 0.374726, -1e-06, -0.767968, 0.640488, -0.0, 0.0, 0.0, 0.0, 1.0],
                [1.0, -1e-06, 1e-06, -0.0, -0.0, 0.314609, 0.949221, 0.374726, -1e-06, -0.949222, 0.314609, -0.0, 0.0, 0.0, 0.0, 1.0],
                [1.0, -1e-06, 0.0, -0.0, -0.0, 0.070388, 0.997519, 0.374726, -1e-06, -0.99752, 0.070388, -0.0, 0.0, 0.0, 0.0, 1.0]
            ]
        },
        {
            "name": "Knee_R",
            "time": [0.0, 0.45],
            "transform": [
                [1.0, 0.0, -0.0, -0.0, -0.0, 0.00567, -0.999984, 0.374726, -0.0, 0.999984, 0.00567, 0.0, 0.0, 0.0, 0.0, 1.0],
                [1.0, 0.0, -0.0, 0.0, -0.0, 0.00567, -0.999984, 0.476134, -0.0, 0.999984, 0.00567, -0.000575, 0.0, 0.0, 0.0, 1.0]
            ]
        },
        {
            "name": "Thigh_L",
            "time": [0.0, 0.1333, 0.25, 0.3167, 0.45],
            "transform": [
                [0.999676, -0.012828, -0.021977, -0.125006, -0.011701, -0.998647, 0.050656, -0.002831, -0.022597, -0.050383, -0.998474, -1.2e-05, 0.0, 0.0, 0.0, 1.0],
                [0.825911, 0.498219, 0.26391, -0.124008, 0.447617, -0.864045, 0.230355, 0.00859, 0.342797, -0.072122, -0.936636, -0.010873, 0.0, 0.0, 0.0, 1.0],
                [0.647489, 0.639157, 0.415012, -0.124286, 0.448558, -0.759895, 0.470483, -0.000914, 0.616079, -0.118476, -0.778723, -0.004237, 0.0, 0.0, 0.0, 1.0],
                [0.598972, 0.730957, 0.327005, -0.124751, 0.313615, -0.589874, 0.744106, -0.010417, 0.736802, -0.343145, -0.582558, 0.0024, 0.0, 0.0, 0.0, 1.0],
                [0.698972, 0.690515, 0.186082, -0.125006, 0.076879, -0.331244, 0.940408, -0.002831, 0.711004, -0.643013, -0.284617, -1.2e-05, 0.0, 0.0, 0.0, 1.0]
            ]
        },
        {
            "name": "Leg_L",
            "time": [0.0, 0.45, 0.1333, 0.25, 0.3167],
            "transform": [
                [1.0, -0.0, 1e-06, -0.0, -0.0, 0.993612, 0.112847, 0.374726, -1e-06, -0.112847, 0.993613, 0.0, 0.0, 0.0, 0.0, 1.0],
                [1.0, -0.0, 1e-06, 0.0, 0.0, 0.947575, 0.319533, 0.374726, -1e-06, -0.319533, 0.947575, -0.0, 0.0, 0.0, 0.0, 1.0],
                [1.0, -1e-06, 1e-06, 0.0, -0.0, 0.565829, 0.824523, 0.374726, -1e-06, -0.824522, 0.565829, -0.0, 0.0, 0.0, 0.0, 1.0],
                [1.0, -1e-06, 1e-06, -0.0, -0.0, 0.564023, 0.825759, 0.374726, -1e-06, -0.825758, 0.564024, 0.0, 0.0, 0.0, 0.0, 1.0],
                [1.0, -1e-06, 1e-06, 0.0, -0.0, 0.384154, 0.923269, 0.374726, -1e-06, -0.923269, 0.384154, 0.0, 0.0, 0.0, 0.0, 1.0]
            ]
        },
        {
            "name": "Knee_L",
            "time": [0.0, 0.45],
            "transform": [
                [1.0, 0.0, -0.0, 0.0, -0.0, 0.00567, -0.999984, 0.374726, -0.0, 0.999984, 0.00567, -0.0, 0.0, 0.0, 0.0, 1.0],
                [1.0, 0.0, -0.0, 0.0, -0.0, 0.00567, -0.999984, 0.442117, -0.0, 0.999984, 0.00567, -0.000382, 0.0, 0.0, 0.0, 1.0]
            ]
        },
        {
            "name": "Torso",
            "time": [0.0, 0.45, 0.1333, 0.25, 0.3167],
            "transform": [
                [1.0, 0.0, 0.0, 0.0, 0.0, 1.0, 0.0, 0.05, 0.0, 0.0, 1.0, 0.0, 0.0, 0.0, 0.0, 1.0],
                [1.0, 0.0, -0.0, -0.0, -0.0, 1.0, -0.0, 0.05, -0.0, 0.0, 1.0, 0.0, 0.0, 0.0, 0.0, 1.0],
                [1.0, 0.0, 0.0, -0.0, -0.0, 1.0, -0.0, 0.05, 0.0, 0.0, 1.0, 0.0, 0.0, 0.0, 0.0, 1.0],
                [1.0, 0.0, -0.0, 0.0, -0.0, 1.0, -0.0, 0.05, 0.0, 0.0, 1.0, 0.0, 0.0, 0.0, 0.0, 1.0],
                [1.0, -0.0, -0.0, -0.0, 0.0, 1.0, -0.0, 0.05, 0.0, 0.0, 1.0, -0.0, 0.0, 0.0, 0.0, 1.0]
            ]
        },
        {
            "name": "Chest",
            "time": [0.0, 0.45, 0.1333, 0.25, 0.3167],
            "transform": [
                [1.0, 0.0, 0.0, 0.0, 0.0, 0.998338, -0.057631, 0.3, 0.0, 0.057631, 0.998338, 0.0, 0.0, 0.0, 0.0, 1.0],
                [1.0, 0.0, 0.0, -0.0, -0.0, 1.0, -0.0, 0.3, 0.0, 0.0, 1.0, 0.0, 0.0, 0.0, 0.0, 1.0],
                [1.0, 0.0, 0.0, -0.0, -0.0, 1.0, -0.0, 0.3, 0.0, 0.0, 1.0, 0.0, 0.0, 0.0, 0.0, 1.0],
                [1.0, 0.0, -0.0, -0.0, -0.0, 1.0, -0.0, 0.3, -0.0, 0.0, 1.0, -0.0, 0.0, 0.0, 0.0, 1.0],
                [1.0, 0.0, -0.0, -0.0, -0.0, 1.0, -0.0, 0.3, 0.0, 0.0, 1.0, -0.0, 0.0, 0.0, 0.0, 1.0]
            ]
        },
        {
            "name": "Head",
            "time": [0.0, 0.45, 0.1333, 0.25, 0.3167],