{
    "animation": [
        {
            "name": "Coord",
            "time": [0.0, 0.5],
            "transform": [
                [1.0, 0.0, 0.0, -5e-06, 0.0, 0.0, -1.0, 2e-06, 0.0, 1.0, 0.0, -0.000216, 0.0, 0.0, 0.0, 1.0],
                [1.0, 0.0, 0.0, -5e-06, 0.0, 0.0, -1.0, 1.389732, 0.0, 1.0, 0.0, -0.000216, 0.0, 0.0, 0.0, 1.0]
            ]
        },
        {
            "name": "Root",
            "time": [0.0, 0.0833, 0.15, 0.3, 0.5],
            "transform": [
                [0.202769, 0.007963, 0.979194, 4.6e-05, 0.048166, 0.998675, -0.018095, 0.963959, -0.978041, 0.050833, 0.202117, -0.002971, 0.0, 0.0, 0.0, 1.0],
                [0.885523, -0.277139, 0.372884, -0.006262, 0.189845, 0.948383, 0.254024, 1.057055, -0.424037, -0.154153, 0.892429, 0.076741, 0.0, 0.0, 0.0, 1.0],
                [0.899197, -0.396169, -0.185727, -0.011819, 0.410865, 0.910479, 0.04709, 0.972673, 0.150445, -0.118652, 0.981472, -0.114015, 0.0, 0.0, 0.0, 1.0],
                [0.492806, 0.07775, -0.866659, -0.21537, -0.088287, 0.995328, 0.03909, 1.001364, 0.865649, 0.057251, 0.497368, -0.287147, 0.0, 0.0, 0.0, 1.0],
                [0.207698, 0.01385, -0.978095, -0.031179, -0.063598, 0.997975, 0.000627, 1.007474, 0.976123, 0.062075, 0.208158, 0.074439, 0.0, 0.0, 0.0, 1.0]
            ]
        },
        {
            "name": "Thigh_R",
            "time": [0.0, 0.15, 0.2167, 0.3667, 0.5],
            "transform": [
                [0.533726, 0.843633, 0.058453, 0.124994, 0.175248, -0.177962, 0.968307, -0.002831, 0.827299, -0.506566, -0.242829, -1.2e-05, 0.0, 0.0, 0.0, 1.0],
                [0.996093, -0.073904, -0.048337, 0.119906, -0.079821, -0.987645, -0.134844, 0.032562, -0.037774, 0.138175, -0.989688, -0.005167, 0.0, 0.0, 0.0, 1.0],
                [0.804748, -0.51416, -0.29668, 0.120769, -0.498499, -0.8567, 0.13252, 0.024653, -0.322303, 0.041249, -0.945738, -0.008416, 0.0, 0.0, 0.0, 1.0],
                [0.636065, -0.627867, -0.448556, 0.124996, -0.078446, -0.630909, 0.77188, -0.00283, -0.767637, -0.455778, -0.450553, -1.2e-05, 0.0, 0.0, 0.0, 1.0],
                [0.91082, -0.395134, -0.119479, 0.112835, -0.139766, -0.567522, 0.811408, -0.007542, -0.388422, -0.722346, -0.572138, 0.055088, 0.0, 0.0, 0.0, 1.0]
            ]
        },
        {
            "name": "Leg_R",
            "time": [0.0, 0.15, 0.2167, 0.2667, 0.3667, 0.5],
            "transform": [
                [1.0, -1e-06, 0.0, -0.0, -0.0, 0.070388, 0.997519, 0.374726, -1e-06, -0.99752, 0.070388, 0.0, 0.0, 0.0, 0.0, 1.0],
                [1.0, -0.0, 1e-06, 0.0, -0.0, 0.838372, 0.5451, 0.374726, -1e-06, -0.5451, 0.83837, 0.0, 0.0, 0.0, 0.0, 1.0],
                [1.0, -0.0, 1e-06, 0.0, -0.0, 0.868068, 0.496445, 0.374726, -1e-06, -0.496446, 0.868067, 0.0, 0.0, 0.0, 0.0, 1.0],
                [1.0, -0.0, 1e-06, -0.0, -0.0, 0.945917, 0.324411, 0.374726, -1e-06, -0.324412, 0.945915, 0.0, 0.0, 0.0, 0.0, 1.0],
                [1.0, -0.0, 1e-06, -0.0, -0.0, 0.785515, 0.618842, 0.374726, -1e-06, -0.618843, 0.785514, 0.0, 0.0, 0.0, 0.0, 1.0],
                [1.0, -1e-06, 0.0, -0.0, -0.0, 0.377888, 0.925851, 0.374726, -1e-06, -0.925852, 0.377888, -0.0, 0.0, 0.0, 0.0, 1.0]
            ]
        },
        {
            "name": "Knee_R",
            "time": [0.0, 0.5],
            "transform": [
                [1.0, 0.0, -0.0, 0.0, -0.0, 0.00567, -0.999984, 0.476134, -0.0, 0.999984, 0.00567, -0.000575, 0.0, 0.0, 0.0, 1.0],
                [1.0, 0.0, -0.0, -0.0, -0.0, 0.00567, -0.999984, 0.442829, -0.0, 0.999984, 0.00567, -0.000386, 0.0, 0.0, 0.0, 1.0]
            ]
        },
        {
            "name": "Thigh_L",
            "time": [0.0, 0.15, 0.2167, 0.3667, 0.5],
            "transform": [
                [0.698972, 0.690515, 0.186082, -0.125006, 0.076879, -0.331244, 0.940408, -0.002831, 0.711004, -0.643013, -0.284617, -1.2e-05, 0.0, 0.0, 0.0, 1.0],
                [0.960124, -0.209748, -0.184844, -0.11963, -0.183511, -0.971611, 0.149315, -0.0382, -0.210915, -0.10944, -0.971358, -0.004524, 0.0, 0.0, 0.0, 1.0],
                [0.698617, -0.626855, -0.344945, -0.12045, -0.514183, -0.775103, 0.367192, -0.031147, -0.497544, -0.079162, -0.863819, 0.001101, 0.0, 0.0, 0.0, 1.0],
                [0.484426, -0.819445, -0.306335, -0.125005, -0.27017, -0.473178, 0.838517, -0.00283, -0.832069, -0.323436, -0.450609, -1.2e-05, 0.0, 0.0, 0.0, 1.0],
                [0.565969, -0.812628, -0.138972, -0.115441, -0.346554, -0.387456, 0.85427, -0.009581, -0.748049, -0.435329, -0.500909, -0.045563, 0.0, 0.0, 0.0, 1.0]
            ]
        },
        {
            "name": "Leg_L",
            "time": [0.0, 0.15, 0.2167, 0.2667, 0.3667, 0.5],
            "transform": [
                [1.0, -1e-06, 1e-06, 0.0, -0.0, 0.384154, 0.923269, 0.374726, -1e-06, -0.923269, 0.384154, -0.0, 0.0, 0.0, 0.0, 1.0],
                [1.0, -1e-06, 1e-06, -0.0, -0.0, 0.671961, 0.740587, 0.374726, -1e-06, -0.740586, 0.671961, -0.0, 0.0, 0.0, 0.0, 1.0],
                [1.0, -0.0, 1e-06, -0.0, -0.0, 0.796773, 0.604279, 0.374726, -1e-06, -0.604278, 0.796774, -0.0, 0.0, 0.0, 0.0, 1.0],
                [1.0, -0.0, 1e-06, 0.0, -0.0, 0.934461, 0.356066, 0.374726, -1e-06, -0.356065, 0.934461, 0.0, 0.0, 0.0, 0.0, 1.0],
                [1.0, -0.0, 1e-06, 0.0, -0.0, 0.742989, 0.669303, 0.374726, -1e-06, -0.669303, 0.74299, 0.0, 0.0, 0.0, 0.0, 1.0],
                [1.0, -1e-06, 1e-06, 0.0, -0.0, 0.358614, 0.933486, 0.374726, -1e-06, -0.933486, 0.358614, 0.0, 0.0, 0.0, 0.0, 1.0]
            ]
        },
        {
            "name": "Knee_L",
            "time": [0.0, 0.5],
            "transform": [
                [1.0, 0.0, -0.0, 0.0, -0.0, 0.00567, -0.999984, 0.442117, -0.0, 0.999984, 0.00567, -0.000382, 0.0, 0.0, 0.0, 1.0],
                [1.0, 0.0, -0.0, 0.0, -0.0, 0.00567, -0.999984, 0.445007, -0.0, 0.999984, 0.00567, -0.000398, 0.0, 0.0, 0.0, 1.0]
            ]
        },
        {
            "name": "Torso",
            "time": [0.0, 0.15, 0.3667, 0.5],
            "transform": [
                [1.0, -0.0, -0.0, -0.0, 0.0, 1.0, -0.0, 0.05, 0.0, 0.0, 1.0, 0.0, 0.0, 0.0, 0.0, 1.0],
                [1.0, -0.0, -0.0, 0.0, -0.0, 1.0, -0.0, 0.05, 0.0, 0.0, 1.0, 0.0, 0.0, 0.0, 0.0, 1.0],
                [1.0, 0.0, 0.0, -0.0, -0.0, 1.0, -0.0, 0.05, -0.0, 0.0, 1.0, 0.0, 0.0, 0.0, 0.0, 1.0],
                [1.0, 0.0, -0.0, -0.0, -0.0, 1.0, -0.0, 0.05, 0.0, 0.0, 1.0, -0.0, 0.0, 0.0, 0.0, 1.0]
            ]
        },
        {
            "name": "Chest",
            "time": [0.0, 0.15, 0.3667, 0.5],
            "transform": [
                [1.0, 0.0, -0.0, 0.0, -0.0, 1.0, -0.0, 0.3, 0.0, 0.0, 1.0, -0.0, 0.0, 0.0, 0.0, 1.0],
                [1.0, 0.0, 0.0, -0.0, -0.0, 1.0, -0.0, 0.3, -0.0, 0.0, 1.0, 0.0, 0.0, 0.0, 0.0, 1.0],
                [1.0, 0.0, 0.0, -0.0, -0.0, 1.0, -0.0, 0.3, -0.0, 0.0, 1.0, 0.0, 0.0, 0.0, 0.0, 1.0],
                [1.0, 0.0, -0.0, -0.0, -0.0, 1.0, -0.0, 0.3, 0.0, 0.0, 1.0, 0.0, 0.0, 0.0, 0.0, 1.0]
            ]
        },
        {
            "name": "Head",
            "time": [0.0, 0.15, 0.25, 0.3667, 0.5],
            "transform": [
                [0.466621, 0.039449, -0.883578, 0.0, -0.01423, 0.99921, 0.037096, 0.4, 0.884343, -0.004737, 0.466814, 0.0, 0.0, 0.0, 0.0, 1.0],
                [0.986666, 0.139739, 0.083455, -0.0, -0.117201, 0.965761, -0.231453, 0.4, -0.112941, 0.218586, 0.96926, 0.0, 0.0, 0.0, 0.0, 1.0],
                [0.880965, -0.011141, 0.47305, 0.0, 0.069547, 0.991914, -0.106157, 0.4, -0.468043, 0.126419, 0.874617, 0.0, 0.0, 0.0, 0.0, 1.0],
                [0.461484, -0.084535, 0.883112, 0.0, 0.045059, 0.996399, 0.071833, 0.4, -0.886004, 0.006642, 0.463631, 0.0, 0.0, 0.0, 0.0, 1.0],
                [0.436295, -0.021841, 0.899539, -0.0, -0.01686, 0.999331, 0.032441, 0.4, -0.899646, -0.02932, 0.435635, -0.0, 0.0, 0.0, 0.0, 1.0]
            ]
        },
        {
            "name": "Shoulder_R",
            "time": [0.0, 0.15, 0.3667, 0.5],