{
    "animation": [
        {
            "name": "Coord",
            "time": [0.0, 0.15, 0.3167, 0.4, 0.55, 0.7],
            "transform": [
                [1.0, 0.0, 0.0, -5e-06, 0.0, 0.0, -1.0, 2e-06, 0.0, 1.0, 0.0, -0.000216, 0.0, 0.0, 0.0, 1.0],
                [1.0, 0.0, 0.0, -5e-06, 0.0, 0.0, -1.0, 0.240728, 0.0, 1.0, 0.0, -0.000216, 0.0, 0.0, 0.0, 1.0],
                [1.0, 0.0, 0.0, -5e-06, 0.0, 0.0, -1.0, 0.687922, 0.0, 1.0, 0.0, -0.000216, 0.0, 0.0, 0.0, 1.0],
                [1.0, 0.0, 0.0, -5e-06, 0.0, 0.0, -1.0, 0.687922, 0.0, 1.0, 0.0, -0.000216, 0.0, 0.0, 0.0, 1.0],
                [1.0, 0.0, 0.0, -5e-06, 0.0, 0.0, -1.0, 0.687922, 0.0, 1.0, 0.0, -0.000216, 0.0, 0.0, 0.0, 1.0],
                [1.0, 0.0, 0.0, -5e-06, 0.0, 0.0, -1.0, 0.687922, 0.0, 1.0, 0.0, -0.000216, 0.0, 0.0, 0.0, 1.0]
            ]
        },
        {
            "name": "Root",
            "time": [0.0, 0.15, 0.3167, 0.4, 0.55, 0.7],
            "transform": [
                [0.207698, 0.01385, -0.978095, -0.031179, -0.063598, 0.997975, 0.000627, 0.947474, 0.976123, 0.062075, 0.208158, 0.074439, 0.0, 0.0, 0.0, 1.0],
                [0.485697, 0.040516, -0.873188, -0.021342, -0.03823, 0.998954, 0.025086, 0.939118, 0.873291, 0.021197, 0.486738, 0.071632, 0.0, 0.0, 0.0, 1.0],
                [1.0, 0.0, 0.0, 0.0, 0.0, 1.0, 0.0, 0.860865, 0.0, 0.0, 1.0, -0.000944, 0.0, 0.0, 0.0, 1.0],
                [1.0, 0.0, 0.0, 0.0, 0.0, 0.985406, -0.17022, 0.889413, 0.0, 0.17022, 0.985406, -0.131698, 0.0, 0.0, 0.0, 1.0],
                [1.0, 0.0, 0.0, 0.0, 0.0, 0.999437, 0.033538, 0.865821, 0.0, -0.033538, 0.999437, 0.053574, 0.0, 0.0, 0.0, 1.0],
                [1.0, 0.0, 0.0, 0.0, 0.0, 1.0, 0.0, 0.860865, 0.0, 0.0, 1.0, -0.000944, 0.0, 0.0, 0.0, 1.0]
            ]
        },
        {
            "name": "Thigh_R",
            "time": [0.0, 0.15, 0.25, 0.3167, 0.3667, 0.4, 0.45, 0.5833, 0.7],
            "transform": [
                [0.54603, -0.725712, -0.418558, 0.124995, 0.015938, -0.490523, 0.871283, -0.002831, -0.837614, -0.482416, -0.256274, -1.2e-05, 0.0, 0.0, 0.0, 1.0],
                [0.866836, -0.220368, -0.44725, 0.119488, -0.02766, -0.916896, 0.398164, 0.02186, -0.497824, -0.332771, -0.800896, 0.027134, 0.0, 0.0, 0.0, 1.0],
                [0.987187, -0.064247, -0.146058, 0.123673, -0.082929, -0.988601, -0.125648, -0.005209, -0.136321, 0.136151, -0.981265, 0.004872, 0.0, 0.0, 0.0, 1.0],
                [0.99887, 0.030709, 0.036251, 0.124988, 0.040186, -0.953133, -0.299866, -0.001613, 0.025344, 0.300983, -0.953293, -1.2e-05, 0.0, 0.0, 0.0, 1.0],
                [0.9888, 0.148092, -0.018532, 0.123773, 0.149116, -0.985494, 0.081008, 0.013549, -0.006266, -0.082864, -0.996541, -0.002558, 0.0, 0.0, 0.0, 1.0],
                [0.990892, 0.124985, -0.050108, 0.124127, 0.134542, -0.934231, 0.330315, 0.01232, -0.005528, -0.334048, -0.94254, -0.003088, 0.0, 0.0, 0.0, 1.0],
                [0.999922, 0.01231, 0.002149, 0.124816, 0.011453, -0.971554, 0.236533, -0.003215, 0.005, -0.23649, -0.971621, -0.00102, 0.0, 0.0, 0.0, 1.0],
                [0.999727, 0.017791, 0.015116, 0.124994, 0.018249, -0.999361, -0.030664, -0.002982, 0.01456, 0.030931, -0.999416, 0.000196, 0.0, 0.0, 0.0, 1.0],
                [0.999727, 0.019055, 0.013488, 0.124994, 0.018249, -0.998174, 0.057552, -0.002831, 0.01456, -0.05729, -0.998252, -1.2e-05, 0.0, 0.0, 0.0, 1.0]
            ]
        },
        {
            "name": "Leg_R",
            "time": [0.0, 0.25, 0.3167, 0.55, 0.15, 0.45, 0.7],
            "transform": [
                [1.0, -1e-06, 1e-06, 0.0, -0.0, 0.377888, 0.925851, 0.374726, -1e-06, -0.925852, 0.377888, 0.0, 0.0, 0.0, 0.0, 1.0],
                [1.0, -1e-06, 1e-06, 0.0, -0.0, 0.614333, 0.789046, 0.374726, -1e-06, -0.789047, 0.614333, 0.0, 0.0, 0.0, 0.0, 1.0],
                [1.0, -1e-06, 1e-06, -0.0, -0.0, 0.625922, 0.779886, 0.374726, -1e-06, -0.779887, 0.625921, -0.0, 0.0, 0.0, 0.0, 1.0],
                [1.0, -0.0, 1e-06, 0.0, -0.0, 0.903901, 0.427742, 0.374726, -1e-06, -0.427743, 0.9039, 0.0, 0.0, 0.0, 0.0, 1.0],
                [1.0, -0.0, 1e-06, 0.0, -0.0, 0.998343, 0.057562, 0.374726, -1e-06, -0.057562, 0.998341, -0.0, 0.0, 0.0, 0.0, 1.0],
                [1.0, -0.0, 1e-06, 0.0, -0.0, 0.993353, 0.115115, 0.374726, -1e-06, -0.115115, 0.993351, 0.0, 0.0, 0.0, 0.0, 1.0],
                [1.0, -0.0, 1e-06, 0.0, -0.0, 0.989772, 0.142662, 0.374726, -1e-06, -0.142663, 0.989771, 0.0, 0.0, 0.0, 0.0, 1.0]
            ]
        },
        {
            "name": "Knee_R",
            "time": [0.0, 0.7],
            "transform": [
                [1.0, 0.0, -0.0, 0.0, -0.0, 0.00567, -0.999984, 0.442829, -0.0, 0.999984, 0.00567, -0.000386, 0.0, 0.0, 0.0, 1.0],
                [1.0, 0.0, -0.0, -0.0, -0.0, 0.00567, -0.999984, 0.374726, -0.0, 0.999984, 0.00567, 0.0, 0.0, 0.0, 0.0, 1.0]
            ]
        },
        {
            "name": "Thigh_L",
            "time": [0.0, 0.15, 0.25, 0.3167, 0.3667, 0.4, 0.45, 0.5833, 0.7],
            "transform": [
                [0.230399, -0.936113, -0.265721, -0.125005, -0.068213, -0.287933, 0.955218, -0.002831, -0.970702, -0.201956, -0.130194, -1.2e-05, 0.0, 0.0, 0.0, 1.0],
                [0.802603, -0.397762, -0.444537, -0.119498, -0.103063, -0.826485, 0.553443, -0.027522, -0.587543, -0.398379, -0.704334, -0.027158, 0.0, 0.0, 0.0, 1.0],
                [0.970853, -0.123281, -0.205538, -0.123685, -0.143593, -0.985807, -0.086974, -0.001182, -0.191898, 0.113953, -0.974777, -0.004411, 0.0, 0.0, 0.0, 1.0],
                [0.99962, -0.00444, -0.027175, -0.125, -0.012994, -0.94618, -0.323379, -0.004049, -0.024276, 0.323609, -0.945879, -1.2e-05, 0.0, 0.0, 0.0, 1.0],
                [0.992528, 0.107521, -0.057672, -0.123785, 0.111089, -0.991829, 0.062717, -0.018347, -0.050457, -0.068655, -0.996363, 0.00202, 0.0, 0.0, 0.0, 1.0],
                [0.993581, 0.085191, -0.074422, -0.124139, 0.104746, -0.941292, 0.320929, -0.016542, -0.042712, -0.326665, -0.944174, 0.002207, 0.0, 0.0, 0.0, 1.0],
                [0.999311, -0.025383, -0.027051, -0.124828, -0.018485, -0.972983, 0.230131, -0.001508, -0.032161, -0.229473, -0.972783, 0.000467, 0.0, 0.0, 0.0, 1.0],
                [0.999676, -0.010841, -0.023022, -0.125006, -0.011701, -0.999225, -0.037574, -0.003074, -0.022597, 0.037832, -0.999028, 0.000128, 0.0, 0.0, 0.0, 1.0],
                [0.999676, -0.012828, -0.021977, -0.125006, -0.011701, -0.998647, 0.050656, -0.002831, -0.022597, -0.050383, -0.998474, -1.2e-05, 0.0, 0.0, 0.0, 1.0]
            ]
        },
        {
            "name": "Leg_L",
            "time": [0.0, 0.25, 0.3167, 0.55, 0.15, 0.45, 0.7],
            "transform": [
                [1.0, -1e-06, 1e-06, -0.0, -0.0, 0.358614, 0.933486, 0.374726, -1e-06, -0.933486, 0.358614, -0.0, 0.0, 0.0, 0.0, 1.0],
                [1.0, -1e-06, 1e-06, -0.0, -0.0, 0.615818, 0.787889, 0.374726, -1e-06, -0.787888, 0.615818, 0.0, 0.0, 0.0, 0.0, 1.0],
                [1.0, -1e-06, 1e-06, -0.0, -0.0, 0.661395, 0.750038, 0.374726, -1e-06, -0.750038, 0.661395, 0.0, 0.0, 0.0, 0.0, 1.0],
                [1.0, -0.0, 1e-06, 0.0, -0.0, 0.927613, 0.373541, 0.374726, -1e-06, -0.373541, 0.927614, 0.0, 0.0, 0.0, 0.0, 1.0],
                [1.0, -0.0, 1e-06, -0.0, -0.0, 0.999621, 0.027527, 0.374726, -1e-06, -0.027527, 0.999621, 0.0, 0.0, 0.0, 0.0, 1.0],
                [1.0, -0.0, 1e-06, -0.0, -0.0, 0.996363, 0.08521, 0.374726, -1e-06, -0.08521, 0.996363, 0.0, 0.0, 0.0, 0.0, 1.0],
                [1.0, -0.0, 1e-06, 0.0, -0.0, 0.993612, 0.112847, 0.374726, -1e-06, -0.112847, 0.993613, 0.0, 0.0, 0.0, 0.0, 1.0]
            ]
        },
        {
            "name": "Knee_L",
            "time": [0.0, 0.7],