{
    "animation": [
        {
            "name": "Coord",
            "time": [0.0, 0.3333, 0.7333],
            "transform": [
                [1.0, 0.0, 0.0, -5e-06, 0.0, 0.0, -1.0, -0.177204, 0.0, 1.0, 0.0, -0.000216, 0.0, 0.0, 0.0, 1.0],
                [1.0, 0.0, 0.0, -5e-06, 0.0, 0.0, -1.0, -0.739811, 0.0, 1.0, 0.0, -0.000216, 0.0, 0.0, 0.0, 1.0],
                [1.0, 0.0, 0.0, -5e-06, 0.0, 0.0, -1.0, -0.746395, 0.0, 1.0, 0.0, -0.000216, 0.0, 0.0, 0.0, 1.0]
            ]
        },
        {
            "name": "Root",
            "time": [0.0, 0.2, 0.3, 0.4333, 0.4833, 0.6, 0.7333],
            "transform": [
                [0.992088, -0.052518, -0.114033, -0.085643, 0.041365, 0.99432, -0.098061, 0.897291, 0.118535, 0.092569, 0.988626, -0.274564, 0.0, 0.0, 0.0, 1.0],
                [0.991741, 0.117813, 0.050684, -0.057095, -0.069935, 0.82803, -0.556306, 1.095669, -0.107508, 0.548167, 0.829431, -0.323227, 0.0, 0.0, 0.0, 1.0],
                [0.997715, 0.015563, 0.065754, 0.019576, -0.005853, 0.989361, -0.145361, 0.962311, -0.067316, 0.144644, 0.987191, -0.191366, 0.0, 0.0, 0.0, 1.0],
                [0.996869, -0.068864, 0.038868, 0.079654, 0.052685, 0.94495, 0.322947, 0.869653, -0.058968, -0.319888, 0.945619, 0.120543, 0.0, 0.0, 0.0, 1.0],
                [0.996869, -0.068298, 0.039853, 0.079654, 0.052685, 0.949491, 0.309339, 0.869653, -0.058968, -0.306271, 0.950116, 0.120543, 0.0, 0.0, 0.0, 1.0],
                [1.0, 0.0, -0.0, 0.0, -0.0, 0.999534, -0.030522, 0.879589, -0.0, 0.030522, 0.999534, -0.062293, 0.0, 0.0, 0.0, 1.0],
                [1.0, 0.0, 0.0, 0.0, 0.0, 1.0, 0.0, 0.860865, 0.0, 0.0, 1.0, -0.000944, 0.0, 0.0, 0.0, 1.0]
            ]
        },
        {
            "name": "Thigh_R",
            "time": [0.0, 0.2, 0.25, 0.3, 0.3667, 0.45, 0.5, 0.6333, 0.7333],
            "transform": [
                [0.999326, 0.020504, 0.030419, 0.124989, -0.008437, -0.678528, 0.734525, -0.002118, 0.035701, -0.734285, -0.6779, 0.000155, 0.0, 0.0, 0.0, 1.0],
                [0.994437, 0.081642, 0.066552, 0.124377, 0.027967, -0.81381, 0.580456, 0.00031, 0.10155, -0.575364, -0.811568, 0.010627, 0.0, 0.0, 0.0, 1.0],
                [0.994437, 0.081642, 0.066552, 0.124377, 0.027967, -0.81381, 0.580456, 0.00031, 0.10155, -0.575364, -0.811568, 0.010627, 0.0, 0.0, 0.0, 1.0],
                [0.99493, 0.097411, 0.024982, 0.124777, 0.065986, -0.819837, 0.568781, -2.8e-05, 0.075887, -0.564248, -0.82211, 0.003665, 0.0, 0.0, 0.0, 1.0],
                [0.994254, 0.106772, 0.007659, 0.125, 0.091036, -0.88102, 0.464234, -0.000706, 0.056315, -0.460868, -0.88568, -1.4e-05, 0.0, 0.0, 0.0, 1.0],
                [0.999727, 0.017481, 0.015474, 0.124994, 0.020526, -0.973936, -0.225883, -0.002831, 0.011122, 0.226139, -0.974032, -1.2e-05, 0.0, 0.0, 0.0, 1.0],
                [0.999728, 0.016543, 0.016449, 0.124994, 0.019947, -0.97179, -0.234995, -0.002831, 0.012097, 0.235259, -0.971858, -1.2e-05, 0.0, 0.0, 0.0, 1.0],
                [0.999734, 0.018679, 0.013478, 0.124994, 0.016997, -0.993142, 0.115659, -0.002831, 0.015546, -0.115399, -0.993198, -1.2e-05, 0.0, 0.0, 0.0, 1.0],
                [0.999727, 0.019055, 0.013488, 0.124994, 0.018249, -0.998174, 0.057552, -0.002831, 0.01456, -0.05729, -0.998252, -1.2e-05, 0.0, 0.0, 0.0, 1.0]
            ]
        },
        {
            "name": "Leg_R",
            "time": [0.0, 0.2, 0.25, 0.3333, 0.4167, 0.45, 0.5, 0.5667, 0.6333, 0.7333],
            "transform": [
                [1.0, -0.0, 1e-06, 0.0, -0.0, 0.83549, 0.549506, 0.374726, -1e-06, -0.549507, 0.835489, 0.0, 0.0, 0.0, 0.0, 1.0],
                [1.0, -1e-06, 0.0, -0.0, -0.0, 0.06339, 0.997988, 0.374726, -1e-06, -0.997989, 0.06339, 0.0, 0.0, 0.0, 0.0, 1.0],
                [1.0, -1e-06, 1e-06, 0.0, -0.0, 0.626348, 0.779543, 0.374726, -1e-06, -0.779544, 0.626348, 0.0, 0.0, 0.0, 0.0, 1.0],
                [1.0, -0.0, 1e-06, 0.0, -0.0, 0.864959, 0.501843, 0.374726, -1e-06, -0.501844, 0.864958, -0.0, 0.0, 0.0, 0.0, 1.0],
                [1.0, -0.0, 1e-06, 0.0, -0.0, 0.946738, 0.322006, 0.374726, -1e-06, -0.322006, 0.946737, -0.0, 0.0, 0.0, 0.0, 1.0],
                [1.0, -0.0, 1e-06, 0.0, -0.0, 0.871604, 0.490211, 0.374726, -1e-06, -0.490212, 0.871603, 0.0, 0.0, 0.0, 0.0, 1.0],
                [1.0, -1e-06, 1e-06, -0.0, -0.0, 0.816523, 0.577314, 0.374726, -1e-06, -0.577315, 0.816521, -0.0, 0.0, 0.0, 0.0, 1.0],
                [1.0, -0.0, 1e-06, 0.0, -0.0, 0.914454, 0.404691, 0.374726, -1e-06, -0.404692, 0.914453, -0.0, 0.0, 0.0, 0.0, 1.0],
                [1.0, -0.0, 1e-06, 0.0, -0.0, 0.997506, 0.07059, 0.374726, -1e-06, -0.07059, 0.997505, -0.0, 0.0, 0.0, 0.0, 1.0],
                [1.0, -0.0, 1e-06, -0.0, -0.0, 0.989772, 0.142662, 0.374726, -1e-06, -0.142663, 0.989771, -0.0, 0.0, 0.0, 0.0, 1.0]
            ]
        },
        {
            "name": "Knee_R",
            "time": [0.0, 0.7333],
            "transform": [
                [1.0, 0.0, -0.0, 0.0, -0.0, 0.00567, -0.999984, 0.379646, -0.0, 0.999984, 0.00567, -2.8e-05, 0.0, 0.0, 0.0, 1.0],
                [1.0, 0.0, -0.0, -0.0, -0.0, 0.00567, -0.999984, 0.374726, -0.0, 0.999984, 0.00567, 0.0, 0.0, 0.0, 0.0, 1.0]
            ]
        },
        {
            "name": "Thigh_L",
            "time": [0.0, 0.2, 0.25, 0.3, 0.3667, 0.45, 0.5, 0.6333, 0.7333],
            "transform": [
                [0.998629, -0.052174, -0.004078, -0.124958, -0.044026, -0.87968, 0.473523, -0.000859, -0.028293, -0.472694, -0.880772, -0.000975, 0.0, 0.0, 0.0, 1.0],
                [0.993876, 0.016402, 0.109271, -0.123936, -0.078832, -0.587698, 0.80523, 0.004611, 0.077426, -0.808913, -0.582806, -0.016849, 0.0, 0.0, 0.0, 1.0],
                [0.993876, 0.016402, 0.109271, -0.123936, -0.078832, -0.587698, 0.80523, 0.004611, 0.077426, -0.808913, -0.582806, -0.016849, 0.0, 0.0, 0.0, 1.0],
                [0.998744, -0.033957, 0.036823, -0.124502, -0.049368, -0.791649, 0.608978, 0.001308, 0.008472, -0.610031, -0.792332, -0.007442, 0.0, 0.0, 0.0, 1.0],
                [0.997997, -0.056417, -0.028601, -0.124911, -0.043869, -0.943114, 0.329562, -0.00142, -0.045567, -0.327647, -0.9437, -0.000582, 0.0, 0.0, 0.0, 1.0],
                [0.999676, -0.007616, -0.024281, -0.125006, -0.015495, -0.93906, -0.343401, -0.002831, -0.020185, 0.343666, -0.938875, -1.2e-05, 0.0, 0.0, 0.0, 1.0],
                [0.999672, -0.00737, -0.024503, -0.125006, -0.014498, -0.952213, -0.305089, -0.002831, -0.021084, 0.305345, -0.952008, -1.2e-05, 0.0, 0.0, 0.0, 1.0],
                [0.999676, -0.013634, -0.021488, -0.125006, -0.009713, -0.984873, 0.173001, -0.002831, -0.023522, -0.172736, -0.984687, -1.2e-05, 0.0, 0.0, 0.0, 1.0],
                [0.999676, -0.012828, -0.021977, -0.125006, -0.011701, -0.998647, 0.050656, -0.002831, -0.022597, -0.050383, -0.998474, -1.2e-05, 0.0, 0.0, 0.0, 1.0]
            ]
        },
        {
            "name": "Leg_L",
            "time": [0.0, 0.2, 0.25, 0.3333, 0.4167, 0.45, 0.5, 0.5667, 0.6333, 0.7333],