{
    "animation": [
        {
            "name": "Coord",
            "time": [0.0, 0.5],
            "transform": [
                [1.0, 0.0, 0.0, -5e-06, 0.0, 0.0, -1.0, 1.389732, 0.0, 1.0, 0.0, -0.000216, 0.0, 0.0, 0.0, 1.0],
                [1.0, 0.0, 0.0, -5e-06, 0.0, 0.0, -1.0, 2.392757, 0.0, 1.0, 0.0, -0.000216, 0.0, 0.0, 0.0, 1.0]
            ]
        },
        {
            "name": "Root",
            "time": [0.0, 0.15, 0.3, 0.5],
            "transform": [
                [0.207698, 0.01385, -0.978095, -0.031179, -0.063598, 0.997975, 0.000627, 1.007474, 0.976123, 0.062075, 0.208158, 0.074439, 0.0, 0.0, 0.0, 1.0],
                [0.912408, 0.396313, -0.102212, 0.044243, -0.381343, 0.913875, 0.139317, 0.990762, 0.148623, -0.088136, 0.984959, -0.096005, 0.0, 0.0, 0.0, 1.0],
                [0.3062, -0.104947, 0.946165, 0.196933, 0.085902, 0.992896, 0.08233, 1.081182, -0.948084, 0.056068, 0.31304, -0.195257, 0.0, 0.0, 0.0, 1.0],
                [0.202769, 0.007963, 0.979194, 4.6e-05, 0.048166, 0.998675, -0.018095, 0.963959, -0.978041, 0.050833, 0.202117, -0.002971, 0.0, 0.0, 0.0, 1.0]
            ]
        },
        {
            "name": "Thigh_R",
            "time": [0.0, 0.15, 0.2333, 0.3, 0.3667, 0.5],
            "transform": [
                [0.91082, -0.395134, -0.119479, 0.112835, -0.139766, -0.567522, 0.811408, -0.007542, -0.388422, -0.722346, -0.572138, 0.055088, 0.0, 0.0, 0.0, 1.0],
                [0.972282, 0.194244, -0.130136, 0.124955, 0.207416, -0.973466, 0.096641, -0.001229, -0.107911, -0.120955, -0.986775, 0.002708, 0.0, 0.0, 0.0, 1.0],
                [0.619203, 0.569736, 0.540358, 0.121931, 0.468035, -0.820338, 0.328613, -0.026956, 0.630499, 0.049428, -0.774614, 0.013197, 0.0, 0.0, 0.0, 1.0],
                [0.559812, 0.47016, 0.682319, 0.124994, 0.337442, -0.88142, 0.330499, -0.002831, 0.756797, 0.045226, -0.652083, -1.2e-05, 0.0, 0.0, 0.0, 1.0],
                [0.608238, 0.792999, 0.034581, 0.124741, 0.433853, -0.36862, 0.822126, 0.004755, 0.664693, -0.485044, -0.568255, -0.002423, 0.0, 0.0, 0.0, 1.0],
                [0.533726, 0.843633, 0.058453, 0.124994, 0.175248, -0.177962, 0.968307, -0.002831, 0.827299, -0.506566, -0.242829, -1.2e-05, 0.0, 0.0, 0.0, 1.0]
            ]
        },
        {
            "name": "Leg_R",
            "time": [0.0, 0.15, 0.2333, 0.3, 0.3667, 0.5],
            "transform": [
                [1.0, -1e-06, 0.0, -0.0, -0.0, 0.377888, 0.925851, 0.374726, -1e-06, -0.925852, 0.377888, -0.0, 0.0, 0.0, 0.0, 1.0],
                [1.0, -0.0, 1e-06, 0.0, -0.0, 0.819584, 0.572959, 0.374726, -1e-06, -0.57296, 0.819583, 0.0, 0.0, 0.0, 0.0, 1.0],
                [1.0, -0.0, 1e-06, 0.0, -0.0, 0.835387, 0.549662, 0.374726, -1e-06, -0.549663, 0.835386, -0.0, 0.0, 0.0, 0.0, 1.0],
                [1.0, -0.0, 1e-06, -0.0, -0.0, 0.81108, 0.584936, 0.374726, -1e-06, -0.584937, 0.811079, 0.0, 0.0, 0.0, 0.0, 1.0],
                [1.0, -1e-06, 1e-06, -0.0, -0.0, 0.624355, 0.78114, 0.374726, -1e-06, -0.781142, 0.624354, 0.0, 0.0, 0.0, 0.0, 1.0],
                [1.0, -1e-06, 0.0, 0.0, -0.0, 0.070388, 0.997519, 0.374726, -1e-06, -0.99752, 0.070388, -0.0, 0.0, 0.0, 0.0, 1.0]
            ]
        },
        {
            "name": "Knee_R",
            "time": [0.0, 0.5],
            "transform": [
                [1.0, 0.0, -0.0, -0.0, -0.0, 0.00567, -0.999984, 0.442829, -0.0, 0.999984, 0.00567, -0.000386, 0.0, 0.0, 0.0, 1.0],
                [1.0, 0.0, -0.0, 0.0, -0.0, 0.00567, -0.999984, 0.476134, -0.0, 0.999984, 0.00567, -0.000575, 0.0, 0.0, 0.0, 1.0]
            ]
        },
        {
            "name": "Thigh_L",
            "time": [0.0, 0.15, 0.2333, 0.3667, 0.5],
            "transform": [
                [0.565969, -0.812628, -0.138972, -0.115441, -0.346554, -0.387456, 0.85427, -0.009581, -0.748049, -0.435329, -0.500909, -0.045563, 0.0, 0.0, 0.0, 1.0],
                [0.960061, 0.170014, -0.222212, -0.124948, 0.218696, -0.951362, 0.216981, -0.005337, -0.174514, -0.256912, -0.950547, -0.002838, 0.0, 0.0, 0.0, 1.0],
                [0.825911, 0.498219, 0.26391, -0.124008, 0.447617, -0.864045, 0.230355, 0.008589, 0.342797, -0.072122, -0.936636, -0.010873, 0.0, 0.0, 0.0, 1.0],
                [0.722527, 0.647557, 0.242123, -0.124751, 0.29971, -0.608992, 0.734372, -0.010417, 0.622998, -0.458037, -0.634093, 0.0024, 0.0, 0.0, 0.0, 1.0],
                [0.698972, 0.690515, 0.186082, -0.125006, 0.076879, -0.331244, 0.940408, -0.002831, 0.711004, -0.643013, -0.284617, -1.2e-05, 0.0, 0.0, 0.0, 1.0]
            ]
        },
        {
            "name": "Leg_L",
            "time": [0.0, 0.15, 0.2333, 0.3, 0.3667, 0.5],
            "transform": [
                [1.0, -1e-06, 1e-06, 0.0, -0.0, 0.358614, 0.933486, 0.374726, -1e-06, -0.933486, 0.358614, 0.0, 0.0, 0.0, 0.0, 1.0],
                [1.0, -0.0, 1e-06, -0.0, -0.0, 0.840947, 0.541117, 0.374726, -1e-06, -0.541116, 0.840948, 0.0, 0.0, 0.0, 0.0, 1.0],
                [1.0, -0.0, 1e-06, 0.0, -0.0, 0.862842, 0.505474, 0.374726, -1e-06, -0.505473, 0.862842, -0.0, 0.0, 0.0, 0.0, 1.0],
                [1.0, -0.0, 1e-06, -0.0, -0.0, 0.752796, 0.658254, 0.374726, -1e-06, -0.658254, 0.752796, -0.0, 0.0, 0.0, 0.0, 1.0],
                [1.0, -0.0, 1e-06, -0.0, -0.0, 0.815452, 0.578824, 0.374726, -1e-06, -0.578824, 0.815453, -0.0, 0.0, 0.0, 0.0, 1.0],
                [1.0, -1e-06, 1e-06, 0.0, -0.0, 0.384154, 0.923269, 0.374726, -1e-06, -0.923269, 0.384154, -0.0, 0.0, 0.0, 0.0, 1.0]
            ]
        },
        {
            "name": "Knee_L",
            "time": [0.0, 0.5],
            "transform": [
                [1.0, 0.0, -0.0, 0.0, -0.0, 0.00567, -0.999984, 0.445007, -0.0, 0.999984, 0.00567, -0.000398, 0.0, 0.0, 0.0, 1.0],
                [1.0, 0.0, -0.0, 0.0, -0.0, 0.00567, -0.999984, 0.442117, -0.0, 0.999984, 0.00567, -0.000382, 0.0, 0.0, 0.0, 1.0]
            ]
        },
        {
            "name": "Torso",
            "time": [0.0, 0.5],
            "transform": [
                [1.0, 0.0, -0.0, -0.0, -0.0, 1.0, -0.0, 0.05, 0.0, 0.0, 1.0, -0.0, 0.0, 0.0, 0.0, 1.0],
                [1.0, -0.0, -0.0, -0.0, 0.0, 1.0, -0.0, 0.05, 0.0, 0.0, 1.0, 0.0, 0.0, 0.0, 0.0, 1.0]
            ]
        },
        {
            "name": "Chest",
            "time": [0.0, 0.5],
            "transform": [
                [1.0, 0.0, -0.0, -0.0, -0.0, 1.0, -0.0, 0.3, 0.0, 0.0, 1.0, 0.0, 0.0, 0.0, 0.0, 1.0],
                [1.0, 0.0, -0.0, -0.0, -0.0, 1.0, -0.0, 0.3, 0.0, 0.0, 1.0, -0.0, 0.0, 0.0, 0.0, 1.0]
            ]
        },
        {
            "name": "Head",
            "time": [0.0, 0.15, 0.3, 0.3667, 0.5],
            "transform": [
                [0.436295, -0.021841, 0.899539, -0.0, -0.01686, 0.999331, 0.032441, 0.4, -0.899646, -0.02932, 0.435635, -0.0, 0.0, 0.0, 0.0, 1.0],
                [0.983213, -0.133713, 0.124154, 0.0, 0.155361, 0.97032, -0.185318, 0.4, -0.09569, 0.201496, 0.974804, -0.0, 0.0, 0.0, 0.0, 1.0],
                [0.380434, 0.011884, -0.924732, -0.0, -0.082407, 0.996376, -0.021098, 0.4, 0.921129, 0.084231, 0.380035, 0.0, 0.0, 0.0, 0.0, 1.0],
                [0.281892, 0.005804, -0.959429, 0.0, -0.034486, 0.999397, -0.004087, 0.4, 0.958827, 0.034239, 0.281922, -0.0, 0.0, 0.0, 0.0, 1.0],
                [0.320464, 0.037439, -0.946521, -0.0, -0.006041, 0.999279, 0.03748, 0.4, 0.947242, -0.006293, 0.320459, -0.0, 0.0, 0.0, 0.0, 1.0]
            ]
        },
        {
            "name": "Shoulder_R",
            "time": [0.0, 0.15, 0.5],