{
    "animation": [
        {
            "name": "Coord",
            "time": [0.0, 0.1833, 0.65],
            "transform": [
                [1.0, 0.0, 0.0, 0.138438, 0.0, 0.0, -1.0, 2e-06, 0.0, 1.0, 0.0, -0.000216, 0.0, 0.0, 0.0, 1.0],
                [1.0, 0.0, 0.0, 0.44301, 0.0, 0.0, -1.0, 2e-06, 0.0, 1.0, 0.0, -0.000216, 0.0, 0.0, 0.0, 1.0],
                [1.0, 0.0, 0.0, 0.44301, 0.0, 0.0, -1.0, 2e-06, 0.0, 1.0, 0.0, -0.000216, 0.0, 0.0, 0.0, 1.0]
            ]
        },
        {
            "name": "Root",
            "time": [0.0, 0.1167, 0.25, 0.3167, 0.5, 0.65],
            "transform": [
                [0.988794, 0.081366, 0.125164, 0.074938, -0.077666, 0.996394, -0.034174, 0.914063, -0.127493, 0.02407, 0.991547, -0.000944, 0.0, 0.0, 0.0, 1.0],
                [0.972874, 0.193734, 0.126423, 0.06076, -0.189024, 0.980781, -0.048362, 0.935928, -0.133362, 0.023153, 0.990797, -0.013791, 0.0, 0.0, 0.0, 1.0],
                [0.989015, -0.113414, 0.094797, -0.004177, 0.117531, 0.992302, -0.039021, 0.886274, -0.089641, 0.049734, 0.994732, -0.026637, 0.0, 0.0, 0.0, 1.0],
                [0.972579, -0.226257, 0.053833, 0.095203, 0.22755, 0.973578, -0.019158, 0.839574, -0.048076, 0.030882, 0.998366, -0.015218, 0.0, 0.0, 0.0, 1.0],
                [0.999576, -0.029105, 0.0, 0.060882, 0.029105, 0.999576, 0.0, 0.775892, 0.0, 0.0, 1.0, -0.000944, 0.0, 0.0, 0.0, 1.0],
                [1.0, 0.0, 0.0, 0.0, 0.0, 1.0, 0.0, 0.764187, 0.0, 0.0, 1.0, -0.000944, 0.0, 0.0, 0.0, 1.0]
            ]
        },
        {
            "name": "Thigh_R",
            "time": [0.0, 0.05, 0.1167, 0.25, 0.3167, 0.3667, 0.5, 0.65],
            "transform": [
                [0.995075, 0.000876, 0.099115, 0.124576, -0.00631, -0.997372, 0.072166, -0.006931, 0.098918, -0.072436, -0.992456, 0.005425, 0.0, 0.0, 0.0, 1.0],
                [0.986748, 0.033863, 0.158683, 0.124717, 0.011436, -0.990061, 0.140166, -0.002389, 0.161852, -0.136494, -0.97733, 0.00207, 0.0, 0.0, 0.0, 1.0],
                [0.966853, 0.027503, 0.253847, 0.12483, -0.002691, -0.993028, 0.117839, -0.002751, 0.255318, -0.114616, -0.96004, -0.000853, 0.0, 0.0, 0.0, 1.0],
                [0.887998, 0.160497, 0.43093, 0.124817, 0.130601, -0.986548, 0.098311, 0.001618, 0.440911, -0.03102, -0.897015, -0.001116, 0.0, 0.0, 0.0, 1.0],
                [0.909642, 0.222302, 0.350902, 0.124755, 0.219319, -0.974432, 0.048778, 0.00397, 0.352773, 0.032589, -0.935142, -0.002607, 0.0, 0.0, 0.0, 1.0],
                [0.909642, 0.222302, 0.350902, 0.124755, 0.219319, -0.974432, 0.048778, 0.00397, 0.352773, 0.032589, -0.935142, -0.002607, 0.0, 0.0, 0.0, 1.0],
                [0.978889, 0.150086, 0.138743, 0.124959, 0.14221, -0.987693, 0.065093, -0.002274, 0.146805, -0.043988, -0.988187, -0.000319, 0.0, 0.0, 0.0, 1.0],
                [0.999779, 0.018011, 0.010754, 0.124994, 0.018191, -0.999691, -0.016888, -0.002831, 0.010447, 0.01708, -0.9998, -1.2e-05, 0.0, 0.0, 0.0, 1.0]
            ]
        },
        {
            "name": "Leg_R",
            "time": [0.0, 0.1167, 0.25, 0.3167, 0.3667, 0.5, 0.65],
            "transform": [
                [1.000001, -0.0, 1e-06, 0.0, -0.0, 0.986996, 0.160781, 0.374726, -1e-06, -0.160783, 0.986984, -0.0, 0.0, 0.0, 0.0, 1.0],
                [1.000001, -0.0, 1e-06, -0.0, -0.0, 0.949801, 0.312872, 0.374726, -1e-06, -0.312876, 0.949789, -0.0, 0.0, 0.0, 0.0, 1.0],
                [1.000001, -0.0, 1e-06, 0.0, -0.0, 0.945235, 0.326407, 0.374726, -1e-06, -0.326411, 0.945223, 0.0, 0.0, 0.0, 0.0, 1.0],
                [1.000001, -0.0, 1e-06, -0.0, -0.0, 0.892563, 0.450932, 0.374726, -1e-06, -0.450938, 0.892551, -0.0, 0.0, 0.0, 0.0, 1.0],
                [1.000001, -0.0, 1e-06, 0.0, -0.0, 0.874061, 0.485822, 0.374726, -1e-06, -0.485829, 0.87405, 0.0, 0.0, 0.0, 0.0, 1.0],
                [1.000001, -0.0, 1e-06, 0.0, -0.0, 0.989441, 0.144978, 0.374726, -1e-06, -0.14498, 0.989428, 0.0, 0.0, 0.0, 0.0, 1.0],
                [1.000001, -0.0, 1e-06, 0.0, -0.0, 0.999995, 0.00468, 0.374726, -1e-06, -0.00468, 0.999983, -0.0, 0.0, 0.0, 0.0, 1.0]
            ]
        },
        {
            "name": "Knee_R",
            "time": [0.0, 0.65],
            "transform": [
                [1.0, 0.0, -0.0, 0.0, -0.0, 0.00567, -0.999984, 0.374726, -0.0, 0.999984, 0.00567, 0.0, 0.0, 0.0, 0.0, 1.0],
                [1.0, 0.0, -0.0, 0.0, -0.0, 0.00567, -0.999984, 0.374726, -0.0, 0.999984, 0.00567, 0.0, 0.0, 0.0, 0.0, 1.0]
            ]
        },
        {
            "name": "Thigh_L",
            "time": [0.0, 0.05, 0.1167, 0.25, 0.3167, 0.3667, 0.5, 0.65],
            "transform": [
                [0.99633, -0.069046, 0.050583, -0.124733, -0.072744, -0.994502, 0.075324, 0.005264, 0.045104, -0.078727, -0.995876, -0.0065, 0.0, 0.0, 0.0, 1.0],
                [0.998142, -0.029192, 0.053478, -0.124883, -0.036871, -0.988187, 0.148753, 0.001004, 0.048504, -0.150449, -0.987428, -0.003231, 0.0, 0.0, 0.0, 1.0],
                [0.996901, -0.027446, 0.073719, -0.125007, -0.037557, -0.989511, 0.139493, 0.001741, 0.069118, -0.141829, -0.987476, -0.000422, 0.0, 0.0, 0.0, 1.0],
                [0.988294, 0.089806, 0.123329, -0.125018, 0.074451, -0.989496, 0.123918, -0.001877, 0.133162, -0.113285, -0.984599, -0.000387, 0.0, 0.0, 0.0, 1.0],
                [0.988467, 0.121731, 0.090078, -0.124916, 0.111927, -0.987952, 0.106885, -0.005264, 0.102004, -0.09557, -0.990183, 0.001353, 0.0, 0.0, 0.0, 1.0],
                [0.988467, 0.121731, 0.090078, -0.124916, 0.111927, -0.987952, 0.106885, -0.005264, 0.102004, -0.09557, -0.990183, 0.001353, 0.0, 0.0, 0.0, 1.0],
                [0.993807, 0.037038, 0.104762, -0.124998, 0.029404, -0.996862, 0.073493, -0.002125, 0.107155, -0.069958, -0.991779, -0.000185, 0.0, 0.0, 0.0, 1.0],
                [0.999702, -0.011581, -0.021468, -0.125006, -0.011742, -0.999904, -0.007385, -0.002831, -0.02138, 0.007635, -0.999743, -1.2e-05, 0.0, 0.0, 0.0, 1.0]
            ]
        },
        {
            "name": "Leg_L",
            "time": [0.0, 0.1167, 0.25, 0.3167, 0.3667, 0.5, 0.65],
            "transform": [
                [1.0, -0.0, 1e-06, -0.0, -0.0, 0.98342, 0.181349, 0.374726, -1e-06, -0.18135, 0.983413, -0.0, 0.0, 0.0, 0.0, 1.0],
                [1.0, -0.0, 1e-06, -0.0, -0.0, 0.917216, 0.398392, 0.374726, -1e-06, -0.398395, 0.917209, -0.0, 0.0, 0.0, 0.0, 1.0],
                [1.0, -0.0, 1e-06, 0.0, -0.0, 0.977745, 0.209806, 0.374726, -1e-06, -0.209808, 0.977737, 0.0, 0.0, 0.0, 0.0, 1.0],
                [1.0, -0.0, 1e-06, 0.0, -0.0, 0.906035, 0.423203, 0.374726, -1e-06, -0.423207, 0.906028, 0.0, 0.0, 0.0, 0.0, 1.0],
                [1.0, -0.0, 1e-06, -0.0, -0.0, 0.906523, 0.422158, 0.374726, -1e-06, -0.422162, 0.906516, -0.0, 0.0, 0.0, 0.0, 1.0],
                [1.0, -0.0, 1e-06, -0.0, -0.0, 0.994892, 0.100966, 0.374726, -1e-06, -0.100967, 0.994884, -0.0, 0.0, 0.0, 0.0, 1.0],
                [1.0, -0.0, 1e-06, -0.0, -0.0, 0.999991, 0.004681, 0.374726, -1e-06, -0.004681, 0.999983, 0.0, 0.0, 0.0, 0.0, 1.0]
            ]
        },
        {
            "name": "Knee_L",
            "time": [0.0, 0.65],
            "transform": [
                [1.0, 0.0, -0.0, -0.0, -0.0, 0.00567, -0.999984, 0.374726, -0.0, 0.999984, 0.00567, 0.0, 0.0, 0.0, 0.0, 1.0],
                [1.0, 0.0, -0.0, 0.0, -0.0, 0.00567, -0.999984, 0.374726, -0.0, 0.999984, 0.00567, 0.0, 0.0, 0.0, 0.0, 1.0]
            ]
        },
        {
            "name": "Torso",
            "time": [0.0, 0.3167, 0.65],
            "transform": [
                [1.0, -0.0, -0.0, -0.0, 0.0, 1.0, 0.0, 0.05, 0.0, -0.0, 1.0, -0.0, 0.0, 0.0, 0.0, 1.0],
                [1.0, -0.0, -0.0, -0.0, 0.0, 1.0, 0.0, 0.05, -0.0, -0.0, 1.0, 0.0, 0.0, 0.0, 0.0, 1.0],
                [1.0, 0.0, 0.0, 0.0, 0.0, 1.0, 0.0, 0.05, 0.0, 0.0, 1.0, 0.0, 0.0, 0.0, 0.0, 1.0]
            ]
        },
        {
            "name": "Chest",
            "time": [0.0, 0.05, 0.1167, 0.25, 0.3167, 0.5, 0.65],