{
    "animation": [
        {
            "name": "Root",
            "time": [0.0, 0.0833, 0.1833, 0.3333, 0.5833],
            "transform": [
                [1.0, 0.0, 0.0, -5e-06, 0.0, -0.364545, -0.931186, 0.000946, 0.0, 0.931186, -0.364545, 0.763972, 0.0, 0.0, 0.0, 1.0],
                [1.0, 0.0, 0.0, -5e-06, 0.0, -0.450622, -0.892715, 0.000946, 0.0, 0.892715, -0.450622, 0.763972, 0.0, 0.0, 0.0, 1.0],
                [1.0, 0.0, 0.0, -5e-06, 0.0, -0.394464, -0.918911, 0.000946, 0.0, 0.918911, -0.394464, 0.763972, 0.0, 0.0, 0.0, 1.0],
                [1.0, 0.0, 0.0, -5e-06, 0.0, -0.288395, -0.957512, 0.000946, 0.0, 0.957512, -0.288395, 0.763972, 0.0, 0.0, 0.0, 1.0],
                [1.0, 0.0, 0.0, -5e-06, 0.0, 0.056758, -0.998388, 0.000946, 0.0, 0.998388, 0.056758, 0.763972, 0.0, 0.0, 0.0, 1.0]
            ]
        },
        {
            "name": "Thigh_R",
            "time": [0.0, 0.0833, 0.1833, 0.3333, 0.5833],
            "transform": [
                [0.999779, 0.018011, 0.010754, 0.124994, 0.018625, -0.998023, -0.060016, -0.002831, 0.009652, 0.060203, -0.99814, -1.2e-05, 0.0, 0.0, 0.0, 1.0],
                [0.999779, 0.018011, 0.010754, 0.124994, 0.013504, -0.944889, 0.327112, -0.002831, 0.016053, -0.326894, -0.944925, -1.2e-05, 0.0, 0.0, 0.0, 1.0],
                [0.998311, 0.057714, 0.006546, 0.124994, 0.045584, -0.848326, 0.527508, -0.002831, 0.035997, -0.526318, -0.849526, -1.2e-05, 0.0, 0.0, 0.0, 1.0],
                [0.999262, 0.03601, 0.013357, 0.124988, 0.023565, -0.849443, 0.527152, -0.003197, 0.030329, -0.526448, -0.849667, 0.000815, 0.0, 0.0, 0.0, 1.0],
                [0.991326, 0.113332, 0.066536, 0.124988, 0.107486, -0.990505, 0.085702, -0.003197, 0.075617, -0.077807, -0.994097, 0.000815, 0.0, 0.0, 0.0, 1.0]
            ]
        },
        {
            "name": "Leg_R",
            "time": [0.0, 0.0833, 0.1833, 0.3333, 0.5833],
            "transform": [
                [1.000001, -1e-06, 1e-06, -0.0, -0.0, 0.721422, 0.692496, 0.374726, -1e-06, -0.692505, 0.721413, -0.0, 0.0, 0.0, 0.0, 1.0],
                [1.000001, -0.0, 1e-06, 0.0, -0.0, 0.927771, 0.373163, 0.374726, -1e-06, -0.373168, 0.927759, -0.0, 0.0, 0.0, 0.0, 1.0],
                [1.000001, -0.0, 1e-06, 0.0, -0.0, 0.977858, 0.209299, 0.374726, -1e-06, -0.209302, 0.977845, 0.0, 0.0, 0.0, 0.0, 1.0],
                [1.000001, -0.0, 1e-06, -0.0, -0.0, 0.873631, 0.486596, 0.374726, -1e-06, -0.486602, 0.87362, -0.0, 0.0, 0.0, 0.0, 1.0],
                [1.000001, -1e-06, 1e-06, 0.0, -0.0, 0.569972, 0.821662, 0.374726, -1e-06, -0.821672, 0.569964, -0.0, 0.0, 0.0, 0.0, 1.0]
            ]
        },
        {
            "name": "Knee_R",
            "time": [0.0, 0.5833],
            "transform": [
                [1.0, 0.0, -0.0, -0.0, -0.0, 0.00567, -0.999984, 0.398887, -0.0, 0.999984, 0.00567, -0.000137, 0.0, 0.0, 0.0, 1.0],
                [1.0, 0.0, -0.0, 0.0, -0.0, 0.00567, -0.999984, 0.41983, -0.0, 0.999984, 0.00567, -0.000256, 0.0, 0.0, 0.0, 1.0]
            ]
        },
        {
            "name": "Thigh_L",
            "time": [0.0, 0.0833, 0.1833, 0.3333, 0.5833],
            "transform": [
                [0.999702, -0.011581, -0.021468, -0.125006, -0.012654, -0.998643, -0.050519, -0.002831, -0.020853, 0.050776, -0.998493, -1.2e-05, 0.0, 0.0, 0.0, 1.0],
                [0.999702, -0.011581, -0.021468, -0.125006, -0.003695, -0.941848, 0.336019, -0.002831, -0.024111, -0.335839, -0.941611, -1.2e-05, 0.0, 0.0, 0.0, 1.0],
                [0.998342, -0.055642, -0.014751, -0.125006, -0.03696, -0.816058, 0.576788, -0.002831, -0.044131, -0.575286, -0.816761, -1.2e-05, 0.0, 0.0, 0.0, 1.0],
                [0.998747, -0.04613, -0.019394, -0.124998, -0.028798, -0.846797, 0.531136, -0.003151, -0.040924, -0.529912, -0.847065, 0.001004, 0.0, 0.0, 0.0, 1.0],
                [0.989002, -0.136643, 0.056587, -0.124998, -0.137073, -0.703198, 0.697656, -0.003151, -0.055538, -0.69774, -0.714195, 0.001004, 0.0, 0.0, 0.0, 1.0]
            ]
        },
        {
            "name": "Leg_L",
            "time": [0.0, 0.0833, 0.1833, 0.3333, 0.5833],
            "transform": [
                [1.0, -1e-06, 1e-06, 0.0, -0.0, 0.721452, 0.692462, 0.374726, -1e-06, -0.692468, 0.721446, 0.0, 0.0, 0.0, 0.0, 1.0],
                [1.0, -0.0, 1e-06, 0.0, -0.0, 0.927777, 0.373138, 0.374726, -1e-06, -0.373141, 0.92777, -0.0, 0.0, 0.0, 0.0, 1.0],
                [1.0, -0.0, 1e-06, -0.0, -0.0, 0.978351, 0.206959, 0.374726, -1e-06, -0.206961, 0.978344, -0.0, 0.0, 0.0, 0.0, 1.0],
                [1.0, -0.0, 1e-06, -0.0, -0.0, 0.874365, 0.485268, 0.374726, -1e-06, -0.485272, 0.874359, -0.0, 0.0, 0.0, 0.0, 1.0],
                [1.0, -1e-06, 1e-06, -0.0, -0.0, 0.499374, 0.866382, 0.374726, -1e-06, -0.866389, 0.49937, 0.0, 0.0, 0.0, 0.0, 1.0]
            ]
        },
        {
            "name": "Knee_L",
            "time": [0.0, 0.5833],
            "transform": [
                [1.0, 0.0, -0.0, 0.0, -0.0, 0.00567, -0.999984, 0.398882, -0.0, 0.999984, 0.00567, -0.000137, 0.0, 0.0, 0.0, 1.0],
                [1.0, 0.0, -0.0, -0.0, -0.0, 0.00567, -0.999984, 0.428611, -0.0, 0.999984, 0.00567, -0.000305, 0.0, 0.0, 0.0, 1.0]
            ]
        },
        {
            "name": "Torso",
            "time": [0.0, 0.3333, 0.5833],
            "transform": [
                [1.0, 0.0, 0.0, 0.0, 0.0, 0.999583, -0.028867, 0.05, 0.0, 0.028867, 0.999583, -0.0, 0.0, 0.0, 0.0, 1.0],
                [1.0, 0.0, 0.0, 0.0, 0.0, 0.999958, -0.009186, 0.05, 0.0, 0.009186, 0.999958, -0.0, 0.0, 0.0, 0.0, 1.0],
                [1.0, 0.0, 0.0, 0.0, 0.0, 0.999958, -0.009186, 0.05, 0.0, 0.009186, 0.999958, 0.0, 0.0, 0.0, 0.0, 1.0]
            ]
        },
        {
            "name": "Chest",
            "time": [0.0, 0.0833, 0.1833, 0.3333, 0.5833],
            "transform": [
                [1.0, 0.0, 0.0, 0.0, 0.0, 0.966885, 0.255211, 0.3, 0.0, -0.255211, 0.966885, -0.0, 0.0, 0.0, 0.0, 1.0],
                [1.0, 0.0, 0.0, 0.0, 0.0, 0.999999, -0.001118, 0.3, 0.0, 0.001118, 0.999999, 0.0, 0.0, 0.0, 0.0, 1.0],
                [1.0, 0.0, 0.0, 0.0, 0.0, 0.989525, -0.144362, 0.3, 0.0, 0.144362, 0.989525, -0.0, 0.0, 0.0, 0.0, 1.0],
                [1.0, 0.0, 0.0, 0.0, 0.0, 0.990288, -0.139031, 0.3, 0.0, 0.139031, 0.990288, 0.0, 0.0, 0.0, 0.0, 1.0],
                [1.0, 0.0, 0.0, -0.0, 0.0, 0.944769, 0.327737, 0.3, 0.0, -0.327737, 0.944769, 0.0, 0.0, 0.0, 0.0, 1.0]
            ]
        },
        {
            "name": "Head",
            "time": [0.0, 0.0833, 0.1833, 0.3333, 0.5, 0.5833],
            "transform": [
                [1.0, 0.0, 0.0, 0.0, 0.0, 0.960083, 0.279715, 0.4, 0.0, -0.279715, 0.960083, 0.0, 0.0, 0.0, 0.0, 1.0],
                [1.0, 0.0, 0.0, 0.0, 0.0, 0.815534, 0.578709, 0.4, 0.0, -0.578709, 0.815534, 0.0, 0.0, 0.0, 0.0, 1.0],
                [1.0, 0.0, 0.0, 0.0, 0.0, 0.920224, 0.391393, 0.4, 0.0, -0.391393, 0.920224, -0.0, 0.0, 0.0, 0.0, 1.0],
                [1.0, 0.0, 0.0, -0.0, 0.0, 0.923543, 0.383495, 0.4, 0.0, -0.383495, 0.923543, 0.0, 0.0, 0.0, 0.0, 1.0],
                [1.0, 0.0, 0.0, 0.0, 0.0, 0.980751, 0.195264, 0.4, 0.0, -0.195264, 0.980751, -0.0, 0.0, 0.0, 0.0, 1.0],
                [1.0, 0.0, 0.0, 0.0, 0.0, 0.914986, 0.403486, 0.4, 0.0, -0.403486, 0.914986, -0.0, 0.0, 0.0, 0.0, 1.0]
            ]
        },
        {
            "name": "Shoulder_R",
            "time": [0.0, 0.3333, 0.5833],
            "transform": [
                [0.0, 0.982373, -0.186931, 0.0, 0.0, 0.186931, 0.982373, 0.4, 1.0, -0.0, -0.0, 0.0, 0.0, 0.0, 0.0, 1.0],
                [0.0, 0.982373, -0.186931, -0.0, 0.0, 0.186931, 0.982373, 0.4, 1.0, -0.0, -0.0, 0.0, 0.0, 0.0, 0.0, 1.0],
                [0.0, 0.952114, 0.305743, 0.0, 0.0, -0.305743, 0.952114, 0.4, 1.0, 0.0, -0.0, -0.0, 0.0, 0.0, 0.0, 1.0]
            ]
        },
        {
            "name": "Arm_R",
            "time": [0.0, 0.0833, 0.1833, 0.3333, 0.5, 0.5833],