{
    "animation": [
        {
            "name": "Coord",
            "time": [0.0, 0.35],
            "transform": [
                [1.0, 0.0, 0.0, -0.001858, 0.0, 0.0, -1.0, 2e-06, 0.0, 1.0, 0.0, -0.000216, 0.0, 0.0, 0.0, 1.0],
                [1.0, 0.0, 0.0, -5e-06, 0.0, 0.0, -1.0, 2e-06, 0.0, 1.0, 0.0, -0.000216, 0.0, 0.0, 0.0, 1.0]
            ]
        },
        {
            "name": "Root",
            "time": [0.0, 0.0833, 0.1667, 0.25, 0.35],
            "transform": [
                [1.0, 0.0, 0.0, 0.0, 0.0, 1.0, 0.0, 0.764187, 0.0, 0.0, 1.0, -0.000944, 0.0, 0.0, 0.0, 1.0],
                [1.0, 0.0, 0.0, -0.011863, 0.0, 0.995968, 0.089713, 0.789436, 0.0, -0.089713, 0.995968, 0.228144, 0.0, 0.0, 0.0, 1.0],
                [1.0, 0.0, 0.0, -0.023727, 0.0, 0.880197, 0.474609, 0.857507, 0.0, -0.474609, 0.880197, 0.450096, 0.0, 0.0, 0.0, 1.0],
                [1.0, 0.0, 0.0, -0.023727, 0.0, 0.89077, 0.454455, 0.804512, 0.0, -0.454455, 0.89077, 0.335905, 0.0, 0.0, 0.0, 1.0],
                [1.0, 0.0, 0.0, 0.0, 0.0, 0.931186, -0.364545, 0.832702, 0.0, 0.364545, 0.931186, -0.09087, 0.0, 0.0, 0.0, 1.0]
            ]
        },
        {
            "name": "Thigh_R",
            "time": [0.0, 0.0833, 0.1667, 0.25, 0.35],
            "transform": [
                [0.999779, 0.018011, 0.010754, 0.124994, 0.018191, -0.999691, -0.016888, -0.002831, 0.010447, 0.01708, -0.9998, -1.2e-05, 0.0, 0.0, 0.0, 1.0],
                [0.999779, 0.018011, 0.010754, 0.124994, 0.015792, -0.983654, 0.179368, -0.002831, 0.013809, -0.179158, -0.983724, -1.2e-05, 0.0, 0.0, 0.0, 1.0],
                [0.999779, 0.018011, 0.010754, 0.124994, 0.018525, -0.99859, -0.049719, -0.002831, 0.009843, 0.049908, -0.998706, -1.2e-05, 0.0, 0.0, 0.0, 1.0],
                [0.999779, 0.018011, 0.010754, 0.124994, 0.01959, -0.984973, -0.171586, -0.002831, 0.007502, 0.171759, -0.985111, -1.2e-05, 0.0, 0.0, 0.0, 1.0],
                [0.999779, 0.018011, 0.010754, 0.124994, 0.018625, -0.998023, -0.060016, -0.002831, 0.009652, 0.060203, -0.99814, -1.2e-05, 0.0, 0.0, 0.0, 1.0]
            ]
        },
        {
            "name": "Leg_R",
            "time": [0.0, 0.0833, 0.1667, 0.25, 0.35],
            "transform": [
                [1.000001, -0.0, 1e-06, 0.0, -0.0, 0.999995, 0.00468, 0.374726, -1e-06, -0.00468, 0.999983, -0.0, 0.0, 0.0, 0.0, 1.0],
                [1.000001, -0.0, 1e-06, -0.0, -0.0, 0.998236, 0.059486, 0.374726, -1e-06, -0.059487, 0.998223, 0.0, 0.0, 0.0, 0.0, 1.0],
                [1.000001, -0.0, 1e-06, -0.0, -0.0, 0.973277, 0.22966, 0.374726, -1e-06, -0.229663, 0.973264, 0.0, 0.0, 0.0, 0.0, 1.0],
                [1.000001, -0.0, 1e-06, -0.0, -0.0, 0.886268, 0.463182, 0.374726, -1e-06, -0.463188, 0.886256, -0.0, 0.0, 0.0, 0.0, 1.0],
                [1.000001, -1e-06, 1e-06, -0.0, -0.0, 0.798911, 0.601452, 0.374726, -1e-06, -0.60146, 0.798901, -0.0, 0.0, 0.0, 0.0, 1.0]
            ]
        },
        {
            "name": "Knee_R",
            "time": [0.0, 0.35],
            "transform": [
                [1.0, 0.0, -0.0, 0.0, -0.0, 0.00567, -0.999984, 0.374726, -0.0, 0.999984, 0.00567, 0.0, 0.0, 0.0, 0.0, 1.0],
                [1.0, 0.0, -0.0, -0.0, -0.0, 0.00567, -0.999984, 0.386321, -0.0, 0.999984, 0.00567, -6.6e-05, 0.0, 0.0, 0.0, 1.0]
            ]
        },
        {
            "name": "Thigh_L",
            "time": [0.0, 0.0833, 0.1667, 0.25, 0.35],
            "transform": [
                [0.999702, -0.011581, -0.021468, -0.125006, -0.011742, -0.999904, -0.007385, -0.002831, -0.02138, 0.007635, -0.999743, -1.2e-05, 0.0, 0.0, 0.0, 1.0],
                [0.999702, -0.011581, -0.021468, -0.125006, -0.007325, -0.982012, 0.188676, -0.002831, -0.023266, -0.188462, -0.981806, -1.2e-05, 0.0, 0.0, 0.0, 1.0],
                [0.999702, -0.011581, -0.021468, -0.125006, -0.012438, -0.999114, -0.040219, -0.002831, -0.020983, 0.040474, -0.998961, -1.2e-05, 0.0, 0.0, 0.0, 1.0],
                [0.999702, -0.011581, -0.021468, -0.125006, -0.014913, -0.986647, -0.162189, -0.002831, -0.019303, 0.162461, -0.986527, -1.2e-05, 0.0, 0.0, 0.0, 1.0],
                [0.999702, -0.011581, -0.021468, -0.125006, -0.012654, -0.998643, -0.050519, -0.002831, -0.020853, 0.050776, -0.998493, -1.2e-05, 0.0, 0.0, 0.0, 1.0]
            ]
        },
        {
            "name": "Leg_L",
            "time": [0.0, 0.0833, 0.1667, 0.25, 0.35],
            "transform": [
                [1.0, -0.0, 1e-06, 0.0, -0.0, 0.999991, 0.004681, 0.374726, -1e-06, -0.004681, 0.999983, 0.0, 0.0, 0.0, 0.0, 1.0],
                [1.0, -0.0, 1e-06, -0.0, -0.0, 0.998231, 0.059483, 0.374726, -1e-06, -0.059483, 0.998224, 0.0, 0.0, 0.0, 0.0, 1.0],
                [1.0, -0.0, 1e-06, 0.0, -0.0, 0.973276, 0.229644, 0.374726, -1e-06, -0.229646, 0.973269, -0.0, 0.0, 0.0, 0.0, 1.0],
                [1.0, -0.0, 1e-06, 0.0, -0.0, 0.88628, 0.463151, 0.374726, -1e-06, -0.463155, 0.886273, -0.0, 0.0, 0.0, 0.0, 1.0],
                [1.0, -1e-06, 1e-06, 0.0, -0.0, 0.798936, 0.601415, 0.374726, -1e-06, -0.601419, 0.79893, 0.0, 0.0, 0.0, 0.0, 1.0]
            ]
        },
        {
            "name": "Knee_L",
            "time": [0.0, 0.35],
            "transform": [
                [1.0, 0.0, -0.0, 0.0, -0.0, 0.00567, -0.999984, 0.374726, -0.0, 0.999984, 0.00567, 0.0, 0.0, 0.0, 0.0, 1.0],
                [1.0, 0.0, -0.0, 0.0, -0.0, 0.00567, -0.999984, 0.386316, -0.0, 0.999984, 0.00567, -6.6e-05, 0.0, 0.0, 0.0, 1.0]
            ]
        },
        {
            "name": "Torso",
            "time": [0.0, 0.35],
            "transform": [
                [1.0, 0.0, 0.0, 0.0, 0.0, 1.0, 0.0, 0.05, 0.0, 0.0, 1.0, 0.0, 0.0, 0.0, 0.0, 1.0],
                [1.0, 0.0, 0.0, 0.0, 0.0, 0.999583, -0.028867, 0.05, 0.0, 0.028867, 0.999583, 0.0, 0.0, 0.0, 0.0, 1.0]
            ]
        },
        {
            "name": "Chest",
            "time": [0.0, 0.0833, 0.1667, 0.25, 0.35],
            "transform": [
                [1.0, 0.0, 0.0, 0.0, 0.0, 1.0, 0.0, 0.3, 0.0, 0.0, 1.0, 0.0, 0.0, 0.0, 0.0, 1.0],
                [1.0, 0.0, 0.0, 0.0, 0.0, 0.985678, 0.168639, 0.3, 0.0, -0.168639, 0.985678, -0.0, 0.0, 0.0, 0.0, 1.0],
                [1.0, 0.0, 0.0, 0.0, 0.0, 0.998356, -0.057321, 0.3, 0.0, 0.057321, 0.998356, -0.0, 0.0, 0.0, 0.0, 1.0],
                [0.997631, -0.056803, 0.038794, 0.0, 0.065626, 0.954962, -0.289379, 0.3, -0.02061, 0.291239, 0.956428, -0.0, 0.0, 0.0, 0.0, 1.0],
                [1.0, 0.0, 0.0, 0.0, 0.0, 0.966885, 0.255211, 0.3, 0.0, -0.255211, 0.966885, 0.0, 0.0, 0.0, 0.0, 1.0]
            ]
        },
        {
            "name": "Head",
            "time": [0.0, 0.1667, 0.35],
            "transform": [
                [1.0, 0.0, 0.0, 0.0, 0.0, 0.993052, 0.117676, 0.4, 0.0, -0.117676, 0.993052, 0.0, 0.0, 0.0, 0.0, 1.0],
                [1.0, 0.0, 0.0, -0.0, 0.0, 0.997012, 0.077249, 0.4, 0.0, -0.077249, 0.997012, 0.0, 0.0, 0.0, 0.0, 1.0],
                [1.0, 0.0, 0.0, 0.0, 0.0, 0.960083, 0.279715, 0.4, 0.0, -0.279715, 0.960083, -0.0, 0.0, 0.0, 0.0, 1.0]
            ]
        },
        {
            "name": "Shoulder_R",
            "time": [0.0, 0.35],
            "transform": [
                [0.0, 0.982373, -0.186931, 0.0, 0.0, 0.186931, 0.982373, 0.4, 1.0, -0.0, -0.0, 0.0, 0.0, 0.0, 0.0, 1.0],
                [0.0, 0.982373, -0.186931, 0.0, 0.0, 0.186931, 0.982373, 0.4, 1.0, -0.0, -0.0, -0.0, 0.0, 0.0, 0.0, 1.0]
            ]
        },
        {
            "name": "Arm_R",
            "time": [0.0, 0.0833, 0.1667, 0.25, 0.35],