{
    "animation": [
        {
            "name": "Coord",
            "time": [0.0, 0.0667, 0.2167, 0.3, 0.3833, 0.5],
            "transform": [
                [1.0, 0.0, 0.0, -5e-06, 0.0, 0.0, -1.0, -1.001264, 0.0, 1.0, 0.0, -1.01021, 0.0, 0.0, 0.0, 1.0],
                [1.0, 0.0, 0.0, -5e-06, 0.0, 0.0, -1.0, -0.99345, 0.0, 1.0, 0.0, 0.489629, 0.0, 0.0, 0.0, 1.0],
                [1.0, 0.0, 0.0, -5e-06, 0.0, 0.0, -1.0, -0.002837, 0.0, 1.0, 0.0, 0.539927, 0.0, 0.0, 0.0, 1.0],
                [1.0, 0.0, 0.0, -5e-06, 0.0, 0.0, -1.0, 0.508244, 0.0, 1.0, 0.0, 0.500352, 0.0, 0.0, 0.0, 1.0],
                [1.0, 0.0, 0.0, -5e-06, 0.0, 0.0, -1.0, 0.998569, 0.0, 1.0, 0.0, -0.235142, 0.0, 0.0, 0.0, 1.0],
                [1.0, 0.0, 0.0, -5e-06, 0.0, 0.0, -1.0, 1.773743, 0.0, 1.0, 0.0, -0.986807, 0.0, 0.0, 0.0, 1.0]
            ]
        },
        {
            "name": "Root",
            "time": [0.0, 0.0667, 0.1333, 0.2167, 0.3, 0.3833, 0.5],
            "transform": [
                [0.988764, -0.038361, 0.144478, 0.0, -0.0593, 0.786549, 0.614674, 0.54387, -0.137218, -0.616336, 0.775436, 0.071554, 0.0, 0.0, 0.0, 1.0],
                [0.970081, -0.229675, 0.078687, 0.046203, 0.148059, 0.816528, 0.557997, -0.510764, -0.192408, -0.529652, 0.826104, -0.161586, 0.0, 0.0, 0.0, 1.0],
                [0.678443, -0.599486, -0.424655, 0.184812, 0.72667, 0.632586, 0.267929, -0.350341, 0.108011, -0.490359, 0.864802, 0.094799, 0.0, 0.0, 0.0, 1.0],
                [0.207379, -0.955979, -0.2076, 0.223949, 0.947712, 0.143708, 0.284938, -0.140493, -0.242561, -0.255835, 0.935795, -0.020031, 0.0, 0.0, 0.0, 1.0],
                [0.557855, -0.773317, 0.301293, 0.30951, 0.647656, 0.632643, 0.424622, -0.234295, -0.518978, -0.041743, 0.853767, -0.000944, 0.0, 0.0, 0.0, 1.0],
                [0.480137, -0.555154, 0.67917, 0.196961, 0.45638, 0.819307, 0.347065, 0.575403, -0.749123, 0.143321, 0.646741, 0.087529, 0.0, 0.0, 0.0, 1.0],
                [0.92406, -0.226056, 0.308239, 0.196961, 0.051438, 0.872591, 0.485736, 0.575403, -0.37877, -0.432994, 0.817954, -0.000944, 0.0, 0.0, 0.0, 1.0]
            ]
        },
        {
            "name": "Thigh_R",
            "time": [0.0, 0.0667, 0.1333, 0.2167, 0.3, 0.3833, 0.5],
            "transform": [
                [0.981745, 0.175378, -0.073614, 0.124994, -0.013155, 0.448714, 0.893579, -0.002831, 0.189746, -0.876296, 0.44283, -1.2e-05, 0.0, 0.0, 0.0, 1.0],
                [0.897368, 0.175641, 0.404822, 0.124994, -0.129728, -0.771835, 0.622446, -0.002831, 0.421784, -0.611079, -0.669836, -1.2e-05, 0.0, 0.0, 0.0, 1.0],
                [0.553415, 0.832245, -0.033113, 0.124994, 0.45227, -0.266884, 0.851015, -0.002831, 0.699416, -0.48594, -0.524098, -1.2e-05, 0.0, 0.0, 0.0, 1.0],
                [0.761618, 0.372382, 0.530348, 0.124994, 0.065882, -0.858658, 0.508295, -0.002831, 0.644668, -0.352186, -0.678505, -1.2e-05, 0.0, 0.0, 0.0, 1.0],
                [0.616152, 0.561094, 0.552747, 0.124994, 0.186741, -0.785845, 0.589554, -0.002831, 0.765169, -0.260034, -0.588981, -1.2e-05, 0.0, 0.0, 0.0, 1.0],
                [0.383498, 0.378061, 0.842615, 0.124994, -0.039897, -0.904738, 0.424094, -0.002831, 0.92268, -0.196257, -0.331882, -1.2e-05, 0.0, 0.0, 0.0, 1.0],
                [-0.57346, -0.140972, 0.807014, 0.124994, 0.181421, -0.982476, -0.042706, -0.002831, 0.798893, 0.121919, 0.588987, -1.2e-05, 0.0, 0.0, 0.0, 1.0]
            ]
        },
        {
            "name": "Leg_R",
            "time": [0.0, 0.0667, 0.1333, 0.2167, 0.3, 0.3833, 0.5],
            "transform": [
                [1.0, -1e-06, 0.0, -0.0, -0.0, 0.209131, 0.977885, 0.374726, -1e-06, -0.977891, 0.209129, -0.0, 0.0, 0.0, 0.0, 1.0],
                [1.000001, 0.0, 1e-06, -0.0, 0.0, 0.999993, 0.004936, 0.374726, -1e-06, -0.004936, 0.999984, 0.0, 0.0, 0.0, 0.0, 1.0],
                [1.000001, -1e-06, 1e-06, 0.0, -0.0, 0.674121, 0.738622, 0.374726, -1e-06, -0.738626, 0.674114, -0.0, 0.0, 0.0, 0.0, 1.0],
                [1.0, -0.0, 1e-06, -0.0, -0.0, 0.940176, 0.340703, 0.374726, -1e-06, -0.340705, 0.940166, -0.0, 0.0, 0.0, 0.0, 1.0],
                [1.0, -0.0, 1e-06, 0.0, -0.0, 0.79755, 0.603256, 0.374726, -1e-06, -0.60326, 0.797543, 0.0, 0.0, 0.0, 0.0, 1.0],
                [1.0, -0.0, 1e-06, -0.0, -0.0, 0.846254, 0.532784, 0.374726, -1e-06, -0.532787, 0.846246, -0.0, 0.0, 0.0, 0.0, 1.0],
                [1.0, -0.0, 1e-06, -0.0, -0.0, 0.999994, 0.00472, 0.374726, -1e-06, -0.004721, 0.999984, 0.0, 0.0, 0.0, 0.0, 1.0]
            ]
        },
        {
            "name": "Knee_R",
            "time": [0.0, 0.5],
            "transform": [
                [1.0, 0.0, -0.0, 0.0, -0.0, 0.00567, -0.999984, 0.461403, -0.0, 0.999984, 0.00567, -0.000492, 0.0, 0.0, 0.0, 1.0],
                [1.0, 0.0, -0.0, -0.0, -0.0, 0.00567, -0.999984, 0.374726, -0.0, 0.999984, 0.00567, 0.0, 0.0, 0.0, 0.0, 1.0]
            ]
        },
        {
            "name": "Thigh_L",
            "time": [0.0, 0.0667, 0.1333, 0.2167, 0.3, 0.3833, 0.5],
            "transform": [
                [0.956647, -0.232755, -0.175079, -0.125006, -0.140552, -0.895432, 0.422427, -0.00283, -0.255093, -0.379506, -0.889327, -1.2e-05, 0.0, 0.0, 0.0, 1.0],
                [0.831183, -0.040321, 0.554536, -0.125006, 0.020246, -0.994511, -0.102657, -0.002831, 0.555631, 0.096554, -0.825804, -1.2e-05, 0.0, 0.0, 0.0, 1.0],
                [0.6704, 0.741071, 0.037105, -0.125006, 0.383785, -0.389116, 0.837436, -0.002831, 0.635038, -0.547176, -0.545275, -1.2e-05, 0.0, 0.0, 0.0, 1.0],
                [0.696344, 0.441489, 0.565856, -0.125006, 0.091212, -0.836464, 0.540377, -0.002831, 0.711889, -0.324675, -0.622736, -1.2e-05, 0.0, 0.0, 0.0, 1.0],
                [0.671162, 0.713313, 0.201808, -0.125006, 0.132313, -0.383127, 0.914171, -0.002831, 0.729408, -0.586854, -0.351521, -1.2e-05, 0.0, 0.0, 0.0, 1.0],
                [0.602267, 0.639041, 0.478438, -0.125006, -0.227627, -0.436972, 0.870197, -0.002831, 0.765154, -0.632995, -0.117711, -1.2e-05, 0.0, 0.0, 0.0, 1.0],
                [0.973078, 0.00479, 0.230425, -0.125006, -0.203192, -0.454017, 0.867515, -0.002831, 0.108772, -0.89098, -0.440821, -1.2e-05, 0.0, 0.0, 0.0, 1.0]
            ]
        },
        {
            "name": "Leg_L",
            "time": [0.0, 0.0667, 0.1333, 0.2167, 0.3, 0.3833, 0.5],
            "transform": [
                [1.0, -1e-06, 1e-06, 0.0, -0.0, 0.482731, 0.875769, 0.374726, -1e-06, -0.875769, 0.48273, -0.0, 0.0, 0.0, 0.0, 1.0],
                [1.0, 0.0, 1e-06, 0.0, 0.0, 0.999988, 0.005098, 0.374726, -1e-06, -0.005099, 0.999986, -0.0, 0.0, 0.0, 0.0, 1.0],
                [1.0, -1e-06, 0.0, 0.0, -0.0, 0.321353, 0.94696, 0.374726, -1e-06, -0.94696, 0.321352, -0.0, 0.0, 0.0, 0.0, 1.0],
                [1.0, -0.0, 1e-06, -0.0, -0.0, 0.734331, 0.678792, 0.374726, -1e-06, -0.678793, 0.734329, -0.0, 0.0, 0.0, 0.0, 1.0],
                [1.0, -1e-06, 0.0, -0.0, -0.0, -0.232022, 0.97271, 0.374726, -1e-06, -0.972711, -0.232021, -0.0, 0.0, 0.0, 0.0, 1.0],
                [1.0, -0.0, 1e-06, -0.0, -0.0, 0.804265, 0.594271, 0.374726, -1e-06, -0.594271, 0.804264, 0.0, 0.0, 0.0, 0.0, 1.0],
                [1.000001, -0.0, 1e-06, -0.0, -0.0, 0.918109, 0.396328, 0.374726, -1e-06, -0.396328, 0.918108, -0.0, 0.0, 0.0, 0.0, 1.0]
            ]
        },
        {
            "name": "Knee_L",
            "time": [0.0, 0.5],
            "transform": [
                [1.0, 0.0, -0.0, 0.0, -0.0, 0.00567, -0.999984, 0.430617, -0.0, 0.999984, 0.00567, -0.000317, 0.0, 0.0, 0.0, 1.0],
                [1.0, 0.0, -0.0, -0.0, -0.0, 0.00567, -0.999984, 0.374726, -0.0, 0.999984, 0.00567, -0.0, 0.0, 0.0, 0.0, 1.0]
            ]
        },
        {
            "name": "Torso",
            "time": [0.0, 0.3833, 0.5],