{
    "animation": [
        {
            "name": "Coord",
            "time": [0.0, 0.05, 0.2333, 0.3, 0.4167],
            "transform": [
                [1.0, 0.0, 0.0, -5e-06, 0.0, 0.0, -1.0, -1.001264, 0.0, 1.0, 0.0, -1.01021, 0.0, 0.0, 0.0, 1.0],
                [1.0, 0.0, 0.0, -5e-06, 0.0, 0.0, -1.0, -0.83486, 0.0, 1.0, 0.0, 0.489629, 0.0, 0.0, 0.0, 1.0],
                [1.0, 0.0, 0.0, -5e-06, 0.0, 0.0, -1.0, -0.002837, 0.0, 1.0, 0.0, 0.539927, 0.0, 0.0, 0.0, 1.0],
                [1.0, 0.0, 0.0, -5e-06, 0.0, 0.0, -1.0, 0.508244, 0.0, 1.0, 0.0, 0.500352, 0.0, 0.0, 0.0, 1.0],
                [1.0, 0.0, 0.0, -5e-06, 0.0, 0.0, -1.0, 0.998569, 0.0, 1.0, 0.0, -0.235142, 0.0, 0.0, 0.0, 1.0]
            ]
        },
        {
            "name": "Root",
            "time": [0.0, 0.05, 0.15, 0.2333, 0.3, 0.4167],
            "transform": [
                [0.988764, -0.038361, 0.144478, 0.0, -0.002979, 0.961262, 0.275621, 0.737663, -0.149454, -0.272955, 0.950347, -0.000944, 0.0, 0.0, 0.0, 1.0],
                [0.970081, -0.229675, 0.078687, 0.046203, 0.197464, 0.934979, 0.294656, -0.510764, -0.141246, -0.270302, 0.952358, -0.007527, 0.0, 0.0, 0.0, 1.0],
                [0.677312, -0.724926, -0.125422, 0.184812, 0.72667, 0.632586, 0.267929, -0.350341, -0.114889, -0.272612, 0.95524, -0.027273, 0.0, 0.0, 0.0, 1.0],
                [0.207379, -0.955979, -0.2076, 0.223949, 0.947712, 0.143708, 0.284938, -0.140493, -0.242561, -0.255835, 0.935795, -0.020031, 0.0, 0.0, 0.0, 1.0],
                [0.557855, -0.773317, 0.301293, 0.30951, 0.647656, 0.632643, 0.424622, -0.234295, -0.518978, -0.041743, 0.853767, -0.000944, 0.0, 0.0, 0.0, 1.0],
                [0.807275, -0.5453, 0.225733, 0.196961, 0.45638, 0.819307, 0.347065, 0.575403, -0.374199, -0.177157, 0.910269, -0.000944, 0.0, 0.0, 0.0, 1.0]
            ]
        },
        {
            "name": "Thigh_R",
            "time": [0.0, 0.15, 0.2333, 0.3, 0.4167],
            "transform": [
                [0.986038, 0.125463, 0.109489, 0.124994, -0.005066, -0.634606, 0.772819, -0.002831, 0.166443, -0.762582, -0.625111, -1.2e-05, 0.0, 0.0, 0.0, 1.0],
                [0.494536, 0.868316, 0.038176, 0.124994, 0.44613, -0.291291, 0.846237, -0.002831, 0.745923, -0.401463, -0.531438, -1.2e-05, 0.0, 0.0, 0.0, 1.0],
                [0.761618, 0.372382, 0.530348, 0.124994, 0.065882, -0.858658, 0.508295, -0.002831, 0.644668, -0.352186, -0.678505, -1.2e-05, 0.0, 0.0, 0.0, 1.0],
                [0.616152, 0.561094, 0.552747, 0.124994, 0.186741, -0.785845, 0.589554, -0.002831, 0.765169, -0.260034, -0.588981, -1.2e-05, 0.0, 0.0, 0.0, 1.0],
                [0.782612, 0.028786, 0.621844, 0.124994, -0.088397, -0.983667, 0.156787, -0.002831, 0.616201, -0.177673, -0.767287, -1.2e-05, 0.0, 0.0, 0.0, 1.0]
            ]
        },
        {
            "name": "Leg_R",
            "time": [0.0, 0.15, 0.2333, 0.3, 0.4167],
            "transform": [
                [1.0, -0.0, 1e-06, -0.0, -0.0, 0.984042, 0.17796, 0.374726, -1e-06, -0.177961, 0.984033, -0.0, 0.0, 0.0, 0.0, 1.0],
                [1.0, -0.0, 1e-06, 0.0, -0.0, 0.6242, 0.781265, 0.374726, -1e-06, -0.781269, 0.624194, 0.0, 0.0, 0.0, 0.0, 1.0],
                [1.0, -0.0, 1e-06, -0.0, -0.0, 0.940176, 0.340703, 0.374726, -1e-06, -0.340705, 0.940166, -0.0, 0.0, 0.0, 0.0, 1.0],
                [1.0, -0.0, 1e-06, 0.0, -0.0, 0.79755, 0.603256, 0.374726, -1e-06, -0.60326, 0.797543, 0.0, 0.0, 0.0, 0.0, 1.0],
                [1.0, 0.0, 1e-06, 0.0, -0.0, 0.999993, 0.004741, 0.374726, -1e-06, -0.004741, 0.999984, 0.0, 0.0, 0.0, 0.0, 1.0]
            ]
        },
        {
            "name": "Knee_R",
            "time": [0.0, 0.4167],
            "transform": [
                [1.0, 0.0, -0.0, -0.0, -0.0, 0.00567, -0.999984, 0.374726, -0.0, 0.999984, 0.00567, -0.0, 0.0, 0.0, 0.0, 1.0],
                [1.0, 0.0, -0.0, 0.0, -0.0, 0.00567, -0.999984, 0.374726, -0.0, 0.999984, 0.00567, 0.0, 0.0, 0.0, 0.0, 1.0]
            ]
        },
        {
            "name": "Thigh_L",
            "time": [0.0, 0.15, 0.2333, 0.3, 0.4167],
            "transform": [
                [0.990794, -0.130859, -0.034695, -0.125006, -0.129025, -0.990345, 0.050685, -0.002831, -0.040993, -0.045742, -0.998112, -1.2e-05, 0.0, 0.0, 0.0, 1.0],
                [0.351001, 0.889735, -0.291836, -0.125006, 0.686617, -0.032646, 0.726287, -0.002831, 0.636676, -0.455307, -0.622366, -1.2e-05, 0.0, 0.0, 0.0, 1.0],
                [0.696344, 0.441489, 0.565856, -0.125006, 0.091212, -0.836464, 0.540377, -0.002831, 0.711889, -0.324675, -0.622736, -1.2e-05, 0.0, 0.0, 0.0, 1.0],
                [0.671162, 0.713313, 0.201808, -0.125006, 0.132313, -0.383127, 0.914171, -0.002831, 0.729408, -0.586854, -0.351521, -1.2e-05, 0.0, 0.0, 0.0, 1.0],
                [0.893406, 0.134794, 0.428552, -0.125006, -0.227254, -0.687277, 0.689932, -0.002831, 0.387533, -0.713778, -0.583385, -1.2e-05, 0.0, 0.0, 0.0, 1.0]
            ]
        },
        {
            "name": "Leg_L",
            "time": [0.0, 0.15, 0.2333, 0.3, 0.4167],
            "transform": [
                [1.0, -0.0, 1e-06, 0.0, -0.0, 0.867265, 0.497847, 0.374726, -1e-06, -0.497847, 0.867265, 0.0, 0.0, 0.0, 0.0, 1.0],
                [1.0, -1e-06, 0.0, -0.0, -0.0, 0.311769, 0.950158, 0.374726, -1e-06, -0.950158, 0.311768, 0.0, 0.0, 0.0, 0.0, 1.0],
                [1.0, -0.0, 1e-06, -0.0, -0.0, 0.734331, 0.678792, 0.374726, -1e-06, -0.678793, 0.734329, -0.0, 0.0, 0.0, 0.0, 1.0],
                [1.0, -1e-06, 0.0, -0.0, -0.0, -0.232022, 0.97271, 0.374726, -1e-06, -0.972711, -0.232021, -0.0, 0.0, 0.0, 0.0, 1.0],
                [1.0, -0.0, 1e-06, -0.0, -0.0, 0.87688, 0.480711, 0.374726, -1e-06, -0.480711, 0.876878, -0.0, 0.0, 0.0, 0.0, 1.0]
            ]
        },
        {
            "name": "Knee_L",
            "time": [0.0, 0.4167],
            "transform": [
                [1.0, 0.0, -0.0, 0.0, -0.0, 0.00567, -0.999984, 0.374726, -0.0, 0.999984, 0.00567, 0.0, 0.0, 0.0, 0.0, 1.0],
                [1.0, 0.0, -0.0, 0.0, -0.0, 0.00567, -0.999984, 0.374726, -0.0, 0.999984, 0.00567, -0.0, 0.0, 0.0, 0.0, 1.0]
            ]
        },
        {
            "name": "Torso",
            "time": [0.0, 0.4167],
            "transform": [
                [1.0, 0.0, -0.0, -0.0, -0.0, 1.0, 0.0, 0.05, -0.0, 0.0, 1.0, 0.0, 0.0, 0.0, 0.0, 1.0],
                [1.0, 0.0, 0.0, 0.0, 0.0, 1.0, 0.0, 0.05, 0.0, 0.0, 1.0, -0.0, 0.0, 0.0, 0.0, 1.0]
            ]
        },
        {
            "name": "Chest",
            "time": [0.0, 0.15, 0.2333, 0.3, 0.4167],
            "transform": [
                [0.836486, 0.149552, -0.527186, 0.0, -0.099976, 0.987542, 0.121512, 0.3, 0.538791, -0.048937, 0.841017, -0.0, 0.0, 0.0, 0.0, 1.0],
                [0.927347, 0.205367, -0.312813, -0.0, -0.172927, 0.976522, 0.128454, 0.3, 0.331849, -0.065028, 0.941088, -0.0, 0.0, 0.0, 0.0, 1.0],
                [0.981514, 0.136465, -0.134193, -0.0, -0.118782, 0.98411, 0.131978, 0.3, 0.150071, -0.113598, 0.982127, 0.0, 0.0, 0.0, 0.0, 1.0],
                [0.997929, -0.000832, 0.06432, -0.0, -0.006379, 0.993707, 0.111824, 0.3, -0.064008, -0.112002, 0.991644, 0.0, 0.0, 0.0, 0.0, 1.0],
                [0.962567, -0.08071, 0.25875, -0.0, 0.053498, 0.99243, 0.110547, 0.3, -0.265714, -0.092566, 0.959598, 0.0, 0.0, 0.0, 0.0, 1.0]
            ]
        },
        {
            "name": "Head",
            "time": [0.0, 0.15, 0.2333, 0.3, 0.4167],