{
    "animation": [
        {
            "name": "Coord",
            "time": [0.0, 0.0333, 0.1333, 0.2167, 0.35, 0.5],
            "transform": [
                [1.0, 0.0, 0.0, -5e-06, 0.0, 0.0, -1.0, -1.001264, 0.0, 1.0, 0.0, -1.01021, 0.0, 0.0, 0.0, 1.0],
                [1.0, 0.0, 0.0, -5e-06, 0.0, 0.0, -1.0, -0.99345, 0.0, 1.0, 0.0, 0.489629, 0.0, 0.0, 0.0, 1.0],
                [1.0, 0.0, 0.0, -5e-06, 0.0, 0.0, -1.0, -0.498144, 0.0, 1.0, 0.0, 0.514778, 0.0, 0.0, 0.0, 1.0],
                [1.0, 0.0, 0.0, -5e-06, 0.0, 0.0, -1.0, 0.193565, 0.0, 1.0, 0.0, 0.391842, 0.0, 0.0, 0.0, 1.0],
                [1.0, 0.0, 0.0, -5e-06, 0.0, 0.0, -1.0, 0.998569, 0.0, 1.0, 0.0, -0.235142, 0.0, 0.0, 0.0, 1.0],
                [1.0, 0.0, 0.0, -5e-06, 0.0, 0.0, -1.0, 1.773743, 0.0, 1.0, 0.0, -0.986807, 0.0, 0.0, 0.0, 1.0]
            ]
        },
        {
            "name": "Root",
            "time": [0.0, 0.0333, 0.1333, 0.2167, 0.35, 0.4333, 0.5],
            "transform": [
                [0.999962, -0.008691, 0.000859, 0.0, 0.006288, 0.784771, 0.619755, 0.54387, -0.00606, -0.619726, 0.784795, 0.071554, 0.0, 0.0, 0.0, 1.0],
                [0.995335, -0.0159, -0.095158, 0.0, 0.074957, 0.748419, 0.658977, -0.538638, 0.06074, -0.663036, 0.746119, -0.151983, 0.0, 0.0, 0.0, 1.0],
                [0.99189, 0.065391, -0.108985, 0.0, 0.073867, 0.401211, 0.913002, -0.163276, 0.103428, -0.913648, 0.393127, -0.000944, 0.0, 0.0, 0.0, 1.0],
                [0.998813, -0.042111, 0.024465, 0.0, -0.014725, 0.217707, 0.975903, 0.314282, -0.046422, -0.975105, 0.216829, 0.293402, 0.0, 0.0, 0.0, 1.0],
                [1.0, 0.0, 0.0, 0.0, 0.0, 0.799884, 0.600154, 0.403394, 0.0, -0.600154, 0.799884, 0.24809, 0.0, 0.0, 0.0, 1.0],
                [1.0, 0.0, 0.0, 0.0, 0.0, 0.924042, 0.382291, 0.457649, 0.0, -0.382291, 0.924042, 0.112453, 0.0, 0.0, 0.0, 1.0],
                [1.0, 0.0, 0.0, 0.0, 0.0, 0.913706, 0.406376, 0.524522, 0.0, -0.406376, 0.913706, 0.24809, 0.0, 0.0, 0.0, 1.0]
            ]
        },
        {
            "name": "Thigh_R",
            "time": [0.0, 0.0333, 0.1333, 0.2167, 0.35, 0.4333, 0.5],
            "transform": [
                [0.998934, 0.032373, -0.032909, 0.124994, 0.015722, 0.431691, 0.901884, -0.002831, 0.043403, -0.901439, 0.430723, -1.2e-05, 0.0, 0.0, 0.0, 1.0],
                [0.999118, -0.039185, -0.015122, 0.124994, -0.009586, -0.563266, 0.82622, -0.002831, -0.040893, -0.825344, -0.563145, -1.2e-05, 0.0, 0.0, 0.0, 1.0],
                [0.994655, 0.102323, 0.013839, 0.124994, 0.074791, -0.806364, 0.586671, -0.002831, 0.071189, -0.582499, -0.809707, -1.2e-05, 0.0, 0.0, 0.0, 1.0],
                [0.99616, 0.084104, -0.024313, 0.124994, -0.039252, 0.677294, 0.734664, -0.002831, 0.078256, -0.730888, 0.677996, -1.2e-05, 0.0, 0.0, 0.0, 1.0],
                [0.960178, 0.276003, -0.043367, 0.124994, 0.139204, -0.338021, 0.930787, -0.002831, 0.242241, -0.899756, -0.362982, -1.2e-05, 0.0, 0.0, 0.0, 1.0],
                [0.852146, 0.41815, 0.314638, 0.124994, 0.176341, -0.795539, 0.579673, -0.002831, 0.492697, -0.438482, -0.751654, -1.2e-05, 0.0, 0.0, 0.0, 1.0],
                [0.778028, 0.596932, 0.195812, 0.124994, 0.245764, -0.576051, 0.779593, -0.002831, 0.578162, -0.558421, -0.59489, -1.2e-05, 0.0, 0.0, 0.0, 1.0]
            ]
        },
        {
            "name": "Leg_R",
            "time": [0.0, 0.0333, 0.1333, 0.2167, 0.35, 0.4333, 0.5],
            "transform": [
                [1.0, -1e-06, 0.0, -0.0, -0.0, 0.279617, 0.96011, 0.374726, -1e-06, -0.960116, 0.279614, 0.0, 0.0, 0.0, 0.0, 1.0],
                [1.0, -0.0, 1e-06, 0.0, -0.0, 0.84513, 0.534565, 0.374726, -1e-06, -0.534568, 0.845122, 0.0, 0.0, 0.0, 0.0, 1.0],
                [1.000001, -1e-06, 1e-06, 0.0, -0.0, 0.548471, 0.836169, 0.374726, -1e-06, -0.836174, 0.548467, -0.0, 0.0, 0.0, 0.0, 1.0],
                [1.0, -1e-06, -0.0, -0.0, -0.0, -0.482523, 0.875882, 0.374726, -1e-06, -0.875887, -0.482519, -0.0, 0.0, 0.0, 0.0, 1.0],
                [1.0, -1e-06, 1e-06, -0.0, -0.0, 0.311067, 0.950386, 0.374726, -1e-06, -0.950391, 0.311064, -0.0, 0.0, 0.0, 0.0, 1.0],
                [1.0, -1e-06, 1e-06, -0.0, -0.0, 0.684248, 0.729251, 0.374726, -1e-06, -0.729255, 0.684241, 0.0, 0.0, 0.0, 0.0, 1.0],
                [1.0, -1e-06, 0.0, 0.0, -0.0, 0.121263, 0.992618, 0.374726, -1e-06, -0.992623, 0.121262, 0.0, 0.0, 0.0, 0.0, 1.0]
            ]
        },
        {
            "name": "Knee_R",
            "time": [0.0, 0.5],
            "transform": [
                [1.0, 0.0, -0.0, 0.0, -0.0, 0.00567, -0.999984, 0.453766, -0.0, 0.999984, 0.00567, -0.000448, 0.0, 0.0, 0.0, 1.0],
                [1.0, 0.0, -0.0, -0.0, -0.0, 0.00567, -0.999984, 0.470765, -0.0, 0.999984, 0.00567, -0.000544, 0.0, 0.0, 0.0, 1.0]
            ]
        },
        {
            "name": "Thigh_L",
            "time": [0.0, 0.0333, 0.1333, 0.2167, 0.35, 0.4333, 0.5],
            "transform": [
                [0.997761, -0.066759, 0.003947, -0.125006, -0.063988, -0.935878, 0.346465, -0.002831, -0.019436, -0.345942, -0.938055, -1.2e-05, 0.0, 0.0, 0.0, 1.0],
                [0.993972, -0.06362, -0.089291, -0.125006, -0.056175, -0.994918, 0.083553, -0.00283, -0.094153, -0.078034, -0.992495, -1.2e-05, 0.0, 0.0, 0.0, 1.0],
                [0.984854, -0.076816, -0.155442, -0.125006, 0.059178, -0.693754, 0.717777, -0.002831, -0.162976, -0.716103, -0.6787, -1.2e-05, 0.0, 0.0, 0.0, 1.0],
                [0.993001, -0.105189, -0.053701, -0.125006, 0.103238, 0.552243, 0.827267, -0.002831, -0.057363, -0.82702, 0.559238, -1.2e-05, 0.0, 0.0, 0.0, 1.0],
                [0.876532, -0.47762, -0.059743, -0.125006, -0.121329, -0.339344, 0.932805, -0.002831, -0.4658, -0.810385, -0.355395, -1.2e-05, 0.0, 0.0, 0.0, 1.0],
                [0.867948, -0.238343, -0.435727, -0.125006, 0.28603, -0.477338, 0.830864, -0.002831, -0.40602, -0.845778, -0.346131, -1.2e-05, 0.0, 0.0, 0.0, 1.0],
                [0.791434, -0.560531, -0.243798, -0.125006, 0.326312, 0.050178, 0.943929, -0.002831, -0.516868, -0.826612, 0.22262, -1.2e-05, 0.0, 0.0, 0.0, 1.0]
            ]
        },
        {
            "name": "Leg_L",
            "time": [0.0, 0.0333, 0.1333, 0.2167, 0.35, 0.4333, 0.5],
            "transform": [
                [1.0, -1e-06, 1e-06, 0.0, -0.0, 0.511758, 0.859129, 0.374726, -1e-06, -0.85913, 0.511758, 0.0, 0.0, 0.0, 0.0, 1.0],
                [1.0, 0.0, 1e-06, 0.0, 0.0, 0.999989, 0.004809, 0.374726, -1e-06, -0.004809, 0.999988, -0.0, 0.0, 0.0, 0.0, 1.0],
                [1.0, -1e-06, 1e-06, -0.0, -0.0, 0.587466, 0.809249, 0.374726, -1e-06, -0.809249, 0.587466, 0.0, 0.0, 0.0, 0.0, 1.0],
                [1.0, -1e-06, 0.0, 0.0, -0.0, -0.236688, 0.971586, 0.374726, -1e-06, -0.971586, -0.236687, -0.0, 0.0, 0.0, 0.0, 1.0],
                [1.0, -1e-06, 1e-06, -0.0, -0.0, 0.426537, 0.90447, 0.374726, -1e-06, -0.904471, 0.426536, 0.0, 0.0, 0.0, 0.0, 1.0],
                [1.0, -0.0, 1e-06, 0.0, 0.0, 0.999988, 0.004933, 0.374726, -1e-06, -0.004933, 0.999987, 0.0, 0.0, 0.0, 0.0, 1.0],
                [1.0, -1e-06, 1e-06, -0.0, -0.0, 0.476122, 0.879379, 0.374726, -1e-06, -0.87938, 0.476121, 0.0, 0.0, 0.0, 0.0, 1.0]
            ]
        },
        {
            "name": "Knee_L",
            "time": [0.0, 0.5],
            "transform": [
                [1.0, 0.0, -0.0, 0.0, -0.0, 0.00567, -0.999984, 0.427103, -0.0, 0.999984, 0.00567, -0.000297, 0.0, 0.0, 0.0, 1.0],
                [1.0, 0.0, -0.0, -0.0, -0.0, 0.00567, -0.999984, 0.431409, -0.0, 0.999984, 0.00567, -0.000321, 0.0, 0.0, 0.0, 1.0]
            ]
        },
        {
            "name": "Torso",
            "time": [0.0, 0.1333, 0.2167, 0.35, 0.4333, 0.5],