{
    "animation": [
        {
            "name": "Coord",
            "time": [0.0, 0.05, 0.15, 0.2333, 0.3167, 0.4, 0.5],
            "transform": [
                [1.0, 0.0, 0.0, -5e-06, 0.0, 0.0, -1.0, -1.001264, 0.0, 1.0, 0.0, -1.01021, 0.0, 0.0, 0.0, 1.0],
                [1.0, 0.0, 0.0, -5e-06, 0.0, 0.0, -1.0, -0.99345, 0.0, 1.0, 0.0, 0.489629, 0.0, 0.0, 0.0, 1.0],
                [1.0, 0.0, 0.0, -5e-06, 0.0, 0.0, -1.0, -0.498144, 0.0, 1.0, 0.0, 0.514778, 0.0, 0.0, 0.0, 1.0],
                [1.0, 0.0, 0.0, -5e-06, 0.0, 0.0, -1.0, -0.002837, 0.0, 1.0, 0.0, 0.539927, 0.0, 0.0, 0.0, 1.0],
                [1.0, 0.0, 0.0, -5e-06, 0.0, 0.0, -1.0, 0.508244, 0.0, 1.0, 0.0, 0.500352, 0.0, 0.0, 0.0, 1.0],
                [1.0, 0.0, 0.0, -5e-06, 0.0, 0.0, -1.0, 0.998569, 0.0, 1.0, 0.0, -0.235142, 0.0, 0.0, 0.0, 1.0],
                [1.0, 0.0, 0.0, -5e-06, 0.0, 0.0, -1.0, 1.773743, 0.0, 1.0, 0.0, -0.986807, 0.0, 0.0, 0.0, 1.0]
            ]
        },
        {
            "name": "Root",
            "time": [0.0, 0.05, 0.15, 0.2333, 0.3167, 0.4, 0.5],
            "transform": [
                [0.743145, -0.0, -0.669131, 0.0, 0.228856, 0.939693, 0.25417, 0.737663, 0.628777, -0.34202, 0.698328, -0.000944, 0.0, 0.0, 0.0, 1.0],
                [0.80028, 0.131983, -0.584921, -0.094331, 0.086887, 0.939656, 0.330904, -0.69572, 0.593298, -0.315638, 0.74052, -0.123781, 0.0, 0.0, 0.0, 1.0],
                [0.703713, 0.62533, 0.337269, -0.471654, -0.708348, 0.580727, 0.401246, -0.285643, 0.05505, -0.521266, 0.851617, 0.114084, 0.0, 0.0, 0.0, 1.0],
                [0.304578, 0.945591, 0.114409, -0.559346, -0.903838, 0.249032, 0.347936, -0.055656, 0.300514, -0.209382, 0.930511, 0.100744, 0.0, 0.0, 0.0, 1.0],
                [0.340137, 0.706218, -0.620936, -0.413468, -0.647503, 0.654728, 0.389961, -0.076861, 0.681943, 0.269418, 0.679976, -0.106142, 0.0, 0.0, 0.0, 1.0],
                [0.854115, 0.512278, -0.089772, -0.210466, -0.520073, 0.84011, -0.154076, 0.262602, -0.003512, 0.178287, 0.983972, -0.03616, 0.0, 0.0, 0.0, 1.0],
                [0.968308, 0.186251, -0.166405, -0.124831, -0.098046, 0.896238, 0.432602, 0.700065, 0.229711, -0.402577, 0.886095, -0.000944, 0.0, 0.0, 0.0, 1.0]
            ]
        },
        {
            "name": "Thigh_R",
            "time": [0.0, 0.05, 0.0833, 0.15, 0.2333, 0.3167, 0.4, 0.5],
            "transform": [
                [0.887842, 0.347703, -0.301393, 0.124994, 0.292152, -0.931988, -0.214574, -0.002831, -0.355503, 0.102455, -0.929043, -1.2e-05, 0.0, 0.0, 0.0, 1.0],
                [0.906222, 0.422801, 0.000747, 0.124994, 0.365156, -0.781771, -0.505465, -0.002831, -0.213127, 0.458335, -0.862847, -1.2e-05, 0.0, 0.0, 0.0, 1.0],
                [0.94082, 0.328503, -0.083323, 0.124994, 0.338421, -0.897483, 0.282829, -0.00283, 0.01813, -0.294289, -0.955545, -1.2e-05, 0.0, 0.0, 0.0, 1.0],
                [0.974911, -0.21044, 0.072551, 0.124994, -0.209043, -0.753562, 0.623253, -0.00283, -0.076485, -0.622781, -0.778648, -1.2e-05, 0.0, 0.0, 0.0, 1.0],
                [0.906401, -0.421053, 0.033927, 0.124994, -0.413229, -0.867152, 0.278005, -0.002831, -0.087635, -0.266003, -0.959981, -1.2e-05, 0.0, 0.0, 0.0, 1.0],
                [0.933858, -0.328158, -0.142198, 0.124994, -0.142388, -0.705873, 0.693879, -0.002831, -0.328076, -0.627736, -0.705913, -1.2e-05, 0.0, 0.0, 0.0, 1.0],
                [0.987717, 0.06152, 0.143633, 0.124994, -0.094063, -0.499904, 0.860958, -0.002831, 0.124769, -0.863892, -0.487977, -1.2e-05, 0.0, 0.0, 0.0, 1.0],
                [0.983513, 0.074466, -0.164795, 0.124994, 0.180585, -0.356221, 0.916786, -0.00283, 0.009566, -0.931428, -0.363796, -1.1e-05, 0.0, 0.0, 0.0, 1.0]
            ]
        },
        {
            "name": "Leg_R",
            "time": [0.0, 0.05, 0.0833, 0.15, 0.2333, 0.3167, 0.4, 0.5],
            "transform": [
                [1.0, -0.0, 1e-06, 0.0, -0.0, 0.846632, 0.532184, 0.374726, -1e-06, -0.532188, 0.846623, -0.0, 0.0, 0.0, 0.0, 1.0],
                [1.0, -0.0, 1e-06, -0.0, -0.0, 0.999994, 0.004712, 0.374726, -1e-06, -0.004712, 0.999984, -0.0, 0.0, 0.0, 0.0, 1.0],
                [1.0, -1e-06, 1e-06, -0.0, -0.0, 0.501261, 0.865295, 0.374726, -1e-06, -0.8653, 0.501256, -0.0, 0.0, 0.0, 0.0, 1.0],
                [1.0, -1e-06, 1e-06, 0.0, -0.0, 0.441761, 0.897132, 0.374726, -1e-06, -0.897137, 0.441757, -0.0, 0.0, 0.0, 0.0, 1.0],
                [1.0, -1e-06, 1e-06, 0.0, -0.0, 0.515466, 0.856909, 0.374726, -1e-06, -0.856914, 0.515461, 0.0, 0.0, 0.0, 0.0, 1.0],
                [1.000001, -1e-06, 1e-06, -0.0, -0.0, 0.43129, 0.902212, 0.374726, -1e-06, -0.902218, 0.431286, -0.0, 0.0, 0.0, 0.0, 1.0],
                [1.0, -1e-06, 1e-06, 0.0, -0.0, 0.355787, 0.934565, 0.374726, -1e-06, -0.934571, 0.355784, -0.0, 0.0, 0.0, 0.0, 1.0],
                [1.0, -1e-06, 1e-06, 0.0, -0.0, 0.6942, 0.719784, 0.374726, -1e-06, -0.719788, 0.694193, -0.0, 0.0, 0.0, 0.0, 1.0]
            ]
        },
        {
            "name": "Knee_R",
            "time": [0.0, 0.5],
            "transform": [
                [1.0, 0.0, -0.0, 0.0, -0.0, 0.00567, -0.999984, 0.377483, -0.0, 0.999984, 0.00567, -1.6e-05, 0.0, 0.0, 0.0, 1.0],
                [1.0, 0.0, -0.0, 0.0, -0.0, 0.00567, -0.999984, 0.402936, -0.0, 0.999984, 0.00567, -0.00016, 0.0, 0.0, 0.0, 1.0]
            ]
        },
        {
            "name": "Thigh_L",
            "time": [0.0, 0.05, 0.0833, 0.15, 0.2333, 0.3167, 0.4, 0.5],
            "transform": [
                [0.713153, -0.698766, 0.05602, -0.125006, -0.089258, -0.01125, 0.995945, -0.002831, -0.695303, -0.715261, -0.070393, -1.2e-05, 0.0, 0.0, 0.0, 1.0],
                [0.746506, -0.654241, 0.121236, -0.125006, 0.024953, 0.209604, 0.977468, -0.002831, -0.664911, -0.72666, 0.172796, -1.2e-05, 0.0, 0.0, 0.0, 1.0],
                [0.847037, -0.522041, -0.100003, -0.125006, 0.223424, 0.178972, 0.95815, -0.00283, -0.482296, -0.833932, 0.268232, -1.2e-05, 0.0, 0.0, 0.0, 1.0],
                [0.860014, -0.499281, 0.105327, -0.125006, -0.258936, -0.249152, 0.933207, -0.00283, -0.439691, -0.829844, -0.343556, -1.2e-05, 0.0, 0.0, 0.0, 1.0],
                [0.905437, -0.424038, 0.019377, -0.125006, -0.402915, -0.844175, 0.353592, -0.002831, -0.133579, -0.327962, -0.935199, -1.2e-05, 0.0, 0.0, 0.0, 1.0],
                [0.566926, -0.115027, -0.815698, -0.125006, -0.50476, -0.831045, -0.233626, -0.002831, -0.651009, 0.54418, -0.529202, -1.2e-05, 0.0, 0.0, 0.0, 1.0],
                [0.956847, -0.043147, -0.287369, -0.125006, -0.240148, -0.674233, -0.698383, -0.002831, -0.163621, 0.737257, -0.6555, -1.2e-05, 0.0, 0.0, 0.0, 1.0],
                [-0.149454, 0.07442, -0.985964, -0.125006, -0.308914, -0.950762, -0.024938, -0.002831, -0.939274, 0.300851, 0.165085, -1.2e-05, 0.0, 0.0, 0.0, 1.0]
            ]
        },
        {
            "name": "Leg_L",
            "time": [0.0, 0.05, 0.0833, 0.15, 0.2333, 0.3167, 0.4, 0.5],