{
    "animation": [
        {
            "name": "Root",
            "time": [0.0, 0.1167, 0.25, 0.3667, 0.5],
            "transform": [
                [0.827376, -0.551163, 0.108017, -0.04298, 0.402047, 0.446914, -0.799141, -0.021798, 0.392183, 0.704618, 0.591359, 0.760384, 0.0, 0.0, 0.0, 1.0],
                [0.867551, -0.49205, -0.072405, -0.04298, 0.103499, 0.321008, -0.941404, -0.021798, 0.48646, 0.809222, 0.329418, 0.92, 0.0, 0.0, 0.0, 1.0],
                [0.846567, -0.462719, -0.263087, -0.04298, -0.211444, 0.16125, -0.963997, -0.021798, 0.488482, 0.871716, 0.03867, 0.761154, 0.0, 0.0, 0.0, 1.0],
                [0.867551, -0.49205, -0.072405, -0.04298, 0.103499, 0.321008, -0.941404, -0.021798, 0.48646, 0.809222, 0.329418, 0.92, 0.0, 0.0, 0.0, 1.0],
                [0.827376, -0.551163, 0.108017, -0.04298, 0.402047, 0.446914, -0.799141, -0.021798, 0.392183, 0.704618, 0.591359, 0.760384, 0.0, 0.0, 0.0, 1.0]
            ]
        },
        {
            "name": "Thigh_R",
            "time": [0.0, 0.1167, 0.25, 0.3667, 0.5],
            "transform": [
                [0.943758, 0.222138, -0.244899, 0.124994, 0.228724, 0.096239, 0.968723, -0.002831, 0.238759, -0.970252, 0.040017, -1.2e-05, 0.0, 0.0, 0.0, 1.0],
                [0.980368, -0.102518, 0.16843, 0.124994, -0.196475, -0.579894, 0.790646, -0.002831, 0.016616, -0.808214, -0.588653, -1.2e-05, 0.0, 0.0, 0.0, 1.0],
                [0.986255, 0.154112, -0.059585, 0.124994, 0.097401, -0.83356, -0.543774, -0.002831, -0.13347, 0.530494, -0.837115, -1.2e-05, 0.0, 0.0, 0.0, 1.0],
                [0.999792, -0.001178, -0.020364, 0.124994, 0.01771, -0.445221, 0.895246, -0.002831, -0.010121, -0.895418, -0.445109, -1.2e-05, 0.0, 0.0, 0.0, 1.0],
                [0.943758, 0.222137, -0.2449, 0.124994, 0.228725, 0.096244, 0.968723, -0.002831, 0.23876, -0.970252, 0.040022, -1.2e-05, 0.0, 0.0, 0.0, 1.0]
            ]
        },
        {
            "name": "Leg_R",
            "time": [0.0, 0.1167, 0.25, 0.3667, 0.5],
            "transform": [
                [1.0, -0.0, 1e-06, -0.0, -0.0, 0.71971, 0.694276, 0.374726, -1e-06, -0.694282, 0.719701, 0.0, 0.0, 0.0, 0.0, 1.0],
                [0.999999, -1e-06, 1e-06, -0.0, -0.0, 0.398526, 0.917154, 0.374726, -1e-06, -0.917162, 0.39852, 0.0, 0.0, 0.0, 0.0, 1.0],
                [1.0, -0.0, 1e-06, 0.0, -0.0, 0.912234, 0.409686, 0.374726, -1e-06, -0.409691, 0.912216, 0.0, 0.0, 0.0, 0.0, 1.0],
                [1.0, -1e-06, -0.0, 0.0, -0.0, -0.594229, 0.804293, 0.374726, -1e-06, -0.804308, -0.594215, 0.0, 0.0, 0.0, 0.0, 1.0],
                [1.0, -0.0, 1e-06, -0.0, -0.0, 0.719707, 0.69428, 0.374726, -1e-06, -0.694291, 0.719691, 0.0, 0.0, 0.0, 0.0, 1.0]
            ]
        },
        {
            "name": "Knee_R",
            "time": [0.0, 0.5],
            "transform": [
                [1.0, 0.0, -0.0, -0.0, -0.0, 0.00567, -0.999984, 0.399146, -0.0, 0.999984, 0.00567, -0.000138, 0.0, 0.0, 0.0, 1.0],
                [1.0, 0.0, -0.0, 0.0, -0.0, 0.00567, -0.999984, 0.399147, -0.0, 0.999984, 0.00567, -0.000138, 0.0, 0.0, 0.0, 1.0]
            ]
        },
        {
            "name": "Thigh_L",
            "time": [0.0, 0.1167, 0.25, 0.3667, 0.5],
            "transform": [
                [0.96929, -0.041173, -0.242451, -0.125006, -0.040232, -0.999151, 0.008835, -0.002831, -0.242609, 0.00119, -0.970123, -1.2e-05, 0.0, 0.0, 0.0, 1.0],
                [0.976042, -0.150915, -0.156737, -0.125006, -0.001047, -0.723608, 0.690209, -0.002831, -0.21758, -0.673509, -0.706431, -1.2e-05, 0.0, 0.0, 0.0, 1.0],
                [0.906799, 0.039544, -0.419705, -0.125006, 0.399344, -0.399535, 0.825164, -0.002831, -0.135056, -0.915865, -0.378088, -1.2e-05, 0.0, 0.0, 0.0, 1.0],
                [0.952564, 0.059304, -0.298506, -0.125006, 0.267098, -0.633052, 0.72657, -0.002831, -0.145881, -0.771835, -0.618862, -1.2e-05, 0.0, 0.0, 0.0, 1.0],
                [0.96929, -0.041173, -0.242451, -0.125006, -0.040232, -0.999151, 0.008836, -0.002831, -0.242609, 0.001189, -0.970123, -1.2e-05, 0.0, 0.0, 0.0, 1.0]
            ]
        },
        {
            "name": "Leg_L",
            "time": [0.0, 0.1167, 0.25, 0.3667, 0.5],
            "transform": [
                [1.000001, -0.0, 1e-06, -0.0, -0.0, 0.777013, 0.629485, 0.374726, -1e-06, -0.629486, 0.777011, 0.0, 0.0, 0.0, 0.0, 1.0],
                [1.000001, -1e-06, 1e-06, -0.0, -0.0, 0.589002, 0.808132, 0.374726, -1e-06, -0.808134, 0.589, 0.0, 0.0, 0.0, 0.0, 1.0],
                [1.000001, -0.0, 1e-06, 0.0, -0.0, 0.930205, 0.367044, 0.374726, -1e-06, -0.367045, 0.930203, 0.0, 0.0, 0.0, 0.0, 1.0],
                [1.000001, -1e-06, 1e-06, 0.0, -0.0, 0.573955, 0.818887, 0.374726, -1e-06, -0.818889, 0.573954, 0.0, 0.0, 0.0, 0.0, 1.0],
                [1.000001, -1e-06, 1e-06, -0.0, -0.0, 0.777012, 0.629487, 0.374726, -1e-06, -0.629488, 0.77701, 0.0, 0.0, 0.0, 0.0, 1.0]
            ]
        },
        {
            "name": "Knee_L",
            "time": [0.0, 0.5],
            "transform": [
                [1.0, 0.0, -0.0, -0.0, -0.0, 0.00567, -0.999984, 0.390058, -0.0, 0.999984, 0.00567, -8.7e-05, 0.0, 0.0, 0.0, 1.0],
                [1.0, 0.0, -0.0, -0.0, -0.0, 0.00567, -0.999984, 0.390058, -0.0, 0.999984, 0.00567, -8.7e-05, 0.0, 0.0, 0.0, 1.0]
            ]
        },
        {
            "name": "Torso",
            "time": [0.0, 0.25, 0.5],
            "transform": [
                [1.0, -0.0, 0.0, -0.0, 0.0, 1.0, -0.000689, 0.05, 0.0, 0.000689, 1.0, 0.0, 0.0, 0.0, 0.0, 1.0],
                [1.0, -0.0, -0.0, 0.0, 0.0, 0.980641, 0.195817, 0.05, -0.0, -0.195817, 0.98064, 0.0, 0.0, 0.0, 0.0, 1.0],
                [1.0, -0.0, 0.0, -0.0, 0.0, 1.0, -0.000689, 0.05, 0.0, 0.000689, 1.0, 0.0, 0.0, 0.0, 0.0, 1.0]
            ]
        },
        {
            "name": "Chest",
            "time": [0.0, 0.25, 0.5],
            "transform": [
                [0.922376, 0.26999, -0.276275, -0.0, -0.166154, 0.922945, 0.347225, 0.3, 0.348734, -0.274367, 0.896163, 0.0, 0.0, 0.0, 0.0, 1.0],
                [0.927708, 0.062004, 0.368121, 0.0, -0.214608, 0.895451, 0.390013, 0.3, -0.305452, -0.44082, 0.844024, -0.0, 0.0, 0.0, 0.0, 1.0],
                [0.922376, 0.26999, -0.276275, -0.0, -0.166154, 0.922945, 0.347225, 0.3, 0.348734, -0.274367, 0.896163, 0.0, 0.0, 0.0, 0.0, 1.0]
            ]
        },
        {
            "name": "Head",
            "time": [0.0, 0.25, 0.5],
            "transform": [
                [0.905475, 0.422547, 0.039599, -0.0, -0.292058, 0.688101, -0.664244, 0.4, -0.307923, 0.589891, 0.746467, 0.0, 0.0, 0.0, 0.0, 1.0],
                [0.977024, 0.213132, 0.0, -0.0, -0.154558, 0.708514, -0.688564, 0.4, -0.146755, 0.672743, 0.725176, 0.0, 0.0, 0.0, 0.0, 1.0],
                [0.905475, 0.422547, 0.039599, -0.0, -0.292058, 0.688101, -0.664244, 0.4, -0.307923, 0.589891, 0.746467, 0.0, 0.0, 0.0, 0.0, 1.0]
            ]
        },
        {
            "name": "Shoulder_R",
            "time": [0.0, 0.5],
            "transform": [
                [0.002889, 0.95904, 0.283256, -0.0, -0.00481, -0.28324, 0.959037, 0.4, 0.999984, -0.004133, 0.003795, 0.0, 0.0, 0.0, 0.0, 1.0],
                [0.002889, 0.95904, 0.283256, -0.0, -0.00481, -0.28324, 0.959037, 0.4, 0.999984, -0.004133, 0.003795, 0.0, 0.0, 0.0, 0.0, 1.0]
            ]
        },
        {
            "name": "Arm_R",
            "time": [0.0, 0.1167, 0.25, 0.3667, 0.5],