{
    "animation": [
        {
            "name": "Root",
            "time": [0.0, 0.0667, 0.2, 0.25],
            "transform": [
                [0.944872, 0.327439, 0.00125, 0.117585, 0.104571, -0.298132, -0.948779, -0.0177, -0.310294, 0.896605, -0.315937, 0.708023, 0.0, 0.0, 0.0, 1.0],
                [0.949163, 0.149415, 0.277064, 0.117585, 0.15805, 0.53498, -0.82995, -0.0177, -0.272231, 0.831548, 0.484168, 0.713861, 0.0, 0.0, 0.0, 1.0],
                [0.788744, -0.136632, 0.599346, 0.117585, 0.607338, 0.323877, -0.725427, -0.0177, -0.094998, 0.936181, 0.338438, 0.759095, 0.0, 0.0, 0.0, 1.0],
                [0.788744, -0.136632, 0.599346, 0.117585, 0.607338, 0.323877, -0.725427, -0.0177, -0.094998, 0.936181, 0.338438, 0.759095, 0.0, 0.0, 0.0, 1.0]
            ]
        },
        {
            "name": "Thigh_R",
            "time": [0.0, 0.0667, 0.1167, 0.25],
            "transform": [
                [0.778844, 0.032054, 0.626399, 0.124994, 0.044391, -0.999004, -0.004073, -0.002831, 0.625645, 0.030978, -0.779493, -1.2e-05, 0.0, 0.0, 0.0, 1.0],
                [0.719205, 0.115147, 0.68519, 0.124994, 0.086202, -0.993338, 0.076451, -0.002831, 0.689429, 0.004081, -0.724342, -1.2e-05, 0.0, 0.0, 0.0, 1.0],
                [0.808533, -0.044434, 0.586771, 0.124994, 0.033455, -0.992059, -0.121224, -0.002831, 0.587499, 0.117644, -0.800628, -1.2e-05, 0.0, 0.0, 0.0, 1.0],
                [0.772463, 0.131283, 0.621342, 0.124994, 0.047619, -0.987616, 0.149474, -0.002831, 0.633272, -0.085875, -0.769151, -1.2e-05, 0.0, 0.0, 0.0, 1.0]
            ]
        },
        {
            "name": "Leg_R",
            "time": [0.0, 0.0667, 0.1167, 0.25],
            "transform": [
                [1.0, -1e-06, 1e-06, 0.0, -0.0, 0.485307, 0.874344, 0.374726, -1e-06, -0.874345, 0.485306, 0.0, 0.0, 0.0, 0.0, 1.0],
                [1.0, -0.0, 1e-06, 0.0, 0.0, 0.988294, 0.152568, 0.374726, -1e-06, -0.152569, 0.988292, 0.0, 0.0, 0.0, 0.0, 1.0],
                [1.0, -0.0, 1e-06, -0.0, 0.0, 0.999989, 0.004714, 0.374726, -1e-06, -0.004714, 0.999988, 0.0, 0.0, 0.0, 0.0, 1.0],
                [1.0, -0.0, 1e-06, 0.0, -0.0, 0.850821, 0.525456, 0.374726, -1e-06, -0.525457, 0.85082, 0.0, 0.0, 0.0, 0.0, 1.0]
            ]
        },
        {
            "name": "Knee_R",
            "time": [0.0, 0.25],
            "transform": [
                [1.0, 0.0, -0.0, 0.0, -0.0, 0.00567, -0.999984, 0.430308, -0.0, 0.999984, 0.00567, -0.000315, 0.0, 0.0, 0.0, 1.0],
                [1.0, 0.0, -0.0, 0.0, -0.0, 0.00567, -0.999984, 0.37665, -0.0, 0.999984, 0.00567, -1.1e-05, 0.0, 0.0, 0.0, 1.0]
            ]
        },
        {
            "name": "Thigh_L",
            "time": [0.0, 0.0667, 0.1167, 0.25],
            "transform": [
                [0.99406, 0.102459, 0.036689, -0.125006, 0.072276, -0.873569, 0.481302, -0.002831, 0.081364, -0.475791, -0.875786, -1.2e-05, 0.0, 0.0, 0.0, 1.0],
                [0.985359, -0.041541, 0.165354, -0.125006, -0.054111, -0.995917, 0.07225, -0.002831, 0.161678, -0.080139, -0.983584, -1.2e-05, 0.0, 0.0, 0.0, 1.0],
                [0.883135, -0.26204, 0.389111, -0.125006, -0.270547, -0.96211, -0.033877, -0.002831, 0.383245, -0.075355, -0.920568, -1.2e-05, 0.0, 0.0, 0.0, 1.0],
                [0.849219, -0.457779, 0.263181, -0.125006, -0.509265, -0.841768, 0.179094, -0.002831, 0.139552, -0.286119, -0.947977, -1.2e-05, 0.0, 0.0, 0.0, 1.0]
            ]
        },
        {
            "name": "Leg_L",
            "time": [0.0, 0.0667, 0.1167, 0.25],
            "transform": [
                [1.0, -1e-06, 1e-06, -0.0, -0.0, 0.594584, 0.804033, 0.374726, -1e-06, -0.804033, 0.594585, -0.0, 0.0, 0.0, 0.0, 1.0],
                [1.0, -0.0, 1e-06, 0.0, 0.0, 0.999988, 0.004768, 0.374726, -1e-06, -0.004768, 0.999989, 0.0, 0.0, 0.0, 0.0, 1.0],
                [1.0, -0.0, 1e-06, -0.0, 0.0, 0.999988, 0.004762, 0.374726, -1e-06, -0.004762, 0.999989, 0.0, 0.0, 0.0, 0.0, 1.0],
                [1.0, -0.0, 1e-06, 0.0, -0.0, 0.790845, 0.612016, 0.374726, -1e-06, -0.612015, 0.790846, -0.0, 0.0, 0.0, 0.0, 1.0]
            ]
        },
        {
            "name": "Knee_L",
            "time": [0.0, 0.25],
            "transform": [
                [1.0, 0.0, -0.0, -0.0, -0.0, 0.00567, -0.999984, 0.416649, -0.0, 0.999984, 0.00567, -0.000238, 0.0, 0.0, 0.0, 1.0],
                [1.0, 0.0, -0.0, 0.0, -0.0, 0.00567, -0.999984, 0.387717, -0.0, 0.999984, 0.00567, -7.4e-05, 0.0, 0.0, 0.0, 1.0]
            ]
        },
        {
            "name": "Torso",
            "time": [0.0, 0.25],
            "transform": [
                [1.0, 0.0, -0.0, -0.0, -0.0, 1.0, -0.000689, 0.05, 0.0, 0.000689, 1.0, -0.0, 0.0, 0.0, 0.0, 1.0],
                [1.0, 0.0, 0.0, -0.0, 0.0, 1.0, -0.000689, 0.05, -0.0, 0.000689, 1.0, 0.0, 0.0, 0.0, 0.0, 1.0]
            ]
        },
        {
            "name": "Chest",
            "time": [0.0, 0.0667, 0.25],
            "transform": [
                [0.973718, -0.118542, -0.194477, 0.0, 0.220715, 0.701818, 0.677301, 0.3, 0.056199, -0.702424, 0.709537, -0.0, 0.0, 0.0, 0.0, 1.0],
                [0.965066, -0.245872, -0.090524, -0.0, 0.216501, 0.942932, -0.252995, 0.3, 0.147562, 0.224558, 0.963223, -0.0, 0.0, 0.0, 0.0, 1.0],
                [0.900569, -0.161187, -0.403726, 0.0, 0.007146, 0.934081, -0.356989, 0.3, 0.434655, 0.318608, 0.842356, -0.0, 0.0, 0.0, 0.0, 1.0]
            ]
        },
        {
            "name": "Head",
            "time": [0.0, 0.0667, 0.1167, 0.25],
            "transform": [
                [0.987361, -0.124587, 0.097962, 0.0, 0.151702, 0.921865, -0.356583, 0.4, -0.045882, 0.366937, 0.929113, 0.0, 0.0, 0.0, 0.0, 1.0],
                [0.998119, -0.010966, -0.060316, 0.0, -0.006769, 0.958142, -0.286214, 0.4, 0.06093, 0.286084, 0.956265, -0.0, 0.0, 0.0, 0.0, 1.0],
                [0.981421, 0.107797, -0.158724, 0.0, -0.118775, 0.991023, -0.061359, 0.4, 0.150685, 0.079071, 0.985415, -0.0, 0.0, 0.0, 0.0, 1.0],
                [0.988309, 0.082051, -0.128505, -0.0, -0.072045, 0.994134, 0.080673, 0.4, 0.13437, -0.070471, 0.988422, 0.0, 0.0, 0.0, 0.0, 1.0]
            ]
        },
        {
            "name": "Shoulder_R",
            "time": [0.0, 0.2, 0.25],
            "transform": [
                [0.025877, 0.94658, 0.321428, 0.0, -0.045237, -0.320097, 0.946304, 0.4, 0.998641, -0.039028, 0.034537, 0.0, 0.0, 0.0, 0.0, 1.0],
                [0.025877, 0.94658, 0.321428, -0.0, -0.045237, -0.320097, 0.946304, 0.4, 0.998641, -0.039028, 0.034537, -0.0, 0.0, 0.0, 0.0, 1.0],
                [0.0, 0.952114, 0.305743, -0.0, 0.0, -0.305743, 0.952114, 0.4, 1.0, 0.0, -0.0, 0.0, 0.0, 0.0, 0.0, 1.0]
            ]
        },
        {
            "name": "Arm_R",
            "time": [0.0, 0.25],
            "transform": [
                [0.207861, 0.729291, -0.651865, -0.0, 0.470688, 0.509618, 0.720237, 0.393861, 0.857465, -0.456535, -0.23734, -0.0, 0.0, 0.0, 0.0, 1.0],
                [0.13727, 0.511595, -0.848192, -0.0, 0.315831, 0.788997, 0.527005, 0.39386, 0.938833, -0.340227, -0.053272, 0.0, 0.0, 0.0, 0.0, 1.0]
            ]
        },
        {
            "name": "Hand_R",
            "time": [0.0, 0.25],
            "transform": [
                [1.0, -3e-06, 3e-06, -0.0, 3e-06, 0.224421, -0.974492, 0.300003, 3e-06, 0.974492, 0.224421, 0.0, 0.0, 0.0, 0.0, 1.0],
                [1.0, -2e-06, 0.0, 0.0, 2e-06, 0.946874, -0.321606, 0.300003, 0.0, 0.321606, 0.946873, -0.0, 0.0, 0.0, 0.0, 1.0]
            ]
        },
        {
            "name": "Tool_R",
            "time": [0.0, 0.25],
            "transform": [
                [1.0, 0.0, 0.0, -0.0, -0.0, -0.999559, -0.029689, 0.271711, 0.0, 0.029689, -0.99956, -0.028915, 0.0, 0.0, 0.0, 1.0],
                [1.0, 0.0, 0.0, -0.0, -0.0, -0.999559, -0.029689, 0.271711, 0.0, 0.029689, -0.99956, -0.028915, 0.0, 0.0, 0.0, 1.0]
            ]
        },
        {
            "name": "Elbow_R",
            "time": [0.0, 0.25],