{
    "animation": [
        {
            "name": "Root",
            "time": [0.0, 0.1333, 0.5, 0.5833],
            "transform": [
                [0.955988, -0.14794, -0.25338, -0.04298, -0.140401, 0.527632, -0.83779, -0.021798, 0.257634, 0.836491, 0.483639, 0.931588, 0.0, 0.0, 0.0, 1.0],
                [0.986079, -0.108382, 0.126101, -0.04298, 0.160493, 0.818673, -0.551378, -0.021798, -0.043476, 0.56394, 0.82467, 0.87234, 0.0, 0.0, 0.0, 1.0],
                [0.986859, -0.053523, 0.152464, -0.04298, 0.152421, 0.621592, -0.768369, -0.021798, -0.053645, 0.781511, 0.621581, 0.87234, 0.0, 0.0, 0.0, 1.0],
                [0.986859, -0.053523, 0.152464, -0.04298, 0.152421, 0.621592, -0.768369, -0.021798, -0.053645, 0.781511, 0.621581, 0.87234, 0.0, 0.0, 0.0, 1.0]
            ]
        },
        {
            "name": "Thigh_R",
            "time": [0.0, 0.1, 0.1667, 0.5, 0.5833],
            "transform": [
                [0.97709, -0.177892, -0.116834, 0.124994, 0.13823, 0.113023, 0.983931, -0.002831, -0.161828, -0.977536, 0.135023, -1.2e-05, 0.0, 0.0, 0.0, 1.0],
                [0.977175, 0.054301, 0.205379, 0.124994, 0.054992, -0.998482, 0.002348, -0.002831, 0.205195, 0.009, -0.97868, -1.2e-05, 0.0, 0.0, 0.0, 1.0],
                [0.941791, -0.028992, 0.334948, 0.124994, 0.069697, -0.957794, -0.278875, -0.002831, 0.328896, 0.285985, -0.900023, -1.2e-05, 0.0, 0.0, 0.0, 1.0],
                [0.923868, 0.259636, 0.281171, 0.124994, 0.242552, -0.965514, 0.094594, -0.002831, 0.296035, -0.019194, -0.954985, -1.2e-05, 0.0, 0.0, 0.0, 1.0],
                [0.923868, 0.259636, 0.281171, 0.124994, 0.242552, -0.965514, 0.094594, -0.002831, 0.296035, -0.019194, -0.954985, -1.2e-05, 0.0, 0.0, 0.0, 1.0]
            ]
        },
        {
            "name": "Leg_R",
            "time": [0.0, 0.1, 0.1667, 0.5, 0.5833],
            "transform": [
                [1.0, -1e-06, 0.0, -0.0, -0.0, 0.25335, 0.967374, 0.374726, -1e-06, -0.967375, 0.253349, -0.0, 0.0, 0.0, 0.0, 1.0],
                [1.0, -0.0, 1e-06, 0.0, -0.0, 0.874604, 0.484841, 0.374726, -1e-06, -0.484842, 0.874599, -0.0, 0.0, 0.0, 0.0, 1.0],
                [1.0, -0.0, 1e-06, -0.0, -0.0, 0.99664, 0.081952, 0.374726, -1e-06, -0.081952, 0.996633, -0.0, 0.0, 0.0, 0.0, 1.0],
                [1.0, -1e-06, 1e-06, -0.0, -0.0, 0.722589, 0.691279, 0.374726, -1e-06, -0.691281, 0.722585, -0.0, 0.0, 0.0, 0.0, 1.0],
                [1.0, -1e-06, 1e-06, -0.0, -0.0, 0.722589, 0.691279, 0.374726, -1e-06, -0.691281, 0.722585, -0.0, 0.0, 0.0, 0.0, 1.0]
            ]
        },
        {
            "name": "Knee_R",
            "time": [0.0, 0.5833],
            "transform": [
                [1.0, 0.0, -0.0, 0.0, -0.0, 0.00567, -0.999984, 0.456629, -0.0, 0.999984, 0.00567, -0.000464, 0.0, 0.0, 0.0, 1.0],
                [1.0, 0.0, -0.0, 0.0, -0.0, 0.00567, -0.999984, 0.39871, -0.0, 0.999984, 0.00567, -0.000136, 0.0, 0.0, 0.0, 1.0]
            ]
        },
        {
            "name": "Thigh_L",
            "time": [0.0, 0.15, 0.2167, 0.5, 0.5833],
            "transform": [
                [0.644047, -0.221527, -0.732208, -0.125006, 0.436685, -0.679416, 0.589661, -0.002831, -0.6281, -0.699513, -0.340839, -1.2e-05, 0.0, 0.0, 0.0, 1.0],
                [0.923777, 0.189203, -0.332924, -0.125006, 0.239854, 0.39184, 0.888218, -0.002831, 0.298506, -0.900368, 0.316591, -1.2e-05, 0.0, 0.0, 0.0, 1.0],
                [0.944557, 0.180591, -0.274223, -0.125006, 0.185549, 0.395453, 0.899549, -0.002831, 0.270893, -0.900556, 0.340019, -1.2e-05, 0.0, 0.0, 0.0, 1.0],
                [0.989575, 0.09904, -0.104561, -0.125006, 0.095327, 0.093786, 0.991019, -0.002831, 0.107957, -0.990654, 0.083367, -1.2e-05, 0.0, 0.0, 0.0, 1.0],
                [0.989575, 0.09904, -0.104561, -0.125006, 0.095327, 0.093786, 0.991019, -0.002831, 0.107957, -0.990654, 0.083367, -1.2e-05, 0.0, 0.0, 0.0, 1.0]
            ]
        },
        {
            "name": "Leg_L",
            "time": [0.0, 0.15, 0.2167, 0.5, 0.5833],
            "transform": [
                [1.0, -1e-06, 0.0, -0.0, -0.0, 0.182429, 0.983219, 0.374726, -1e-06, -0.983219, 0.182429, 0.0, 0.0, 0.0, 0.0, 1.0],
                [1.0, -1e-06, -0.0, -0.0, -0.0, -0.461104, 0.887347, 0.374726, -1e-06, -0.887346, -0.461104, -0.0, 0.0, 0.0, 0.0, 1.0],
                [1.0, -1e-06, -0.0, 0.0, -0.0, -0.520207, 0.854041, 0.374726, -1e-06, -0.85404, -0.520207, -0.0, 0.0, 0.0, 0.0, 1.0],
                [1.0, -1e-06, -0.0, 0.0, -0.0, -0.594746, 0.803914, 0.374726, -1e-06, -0.803913, -0.594746, 0.0, 0.0, 0.0, 0.0, 1.0],
                [1.0, -1e-06, -0.0, 0.0, -0.0, -0.594746, 0.803914, 0.374726, -1e-06, -0.803913, -0.594746, 0.0, 0.0, 0.0, 0.0, 1.0]
            ]
        },
        {
            "name": "Knee_L",
            "time": [0.0, 0.5833],
            "transform": [
                [1.0, -0.0, -0.0, -0.0, -0.0, 0.00567, -0.999984, 0.464263, -0.0, 0.999984, 0.00567, -0.000508, 0.0, 0.0, 0.0, 1.0],
                [1.0, 0.0, -0.0, 0.0, -0.0, 0.00567, -0.999984, 0.484724, -0.0, 0.999984, 0.00567, -0.000624, 0.0, 0.0, 0.0, 1.0]
            ]
        },
        {
            "name": "Torso",
            "time": [0.0, 0.5, 0.5833],
            "transform": [
                [1.0, -0.0, 0.0, 0.0, -0.0, 1.0, -0.000689, 0.05, -0.0, 0.000689, 1.0, -0.0, 0.0, 0.0, 0.0, 1.0],
                [1.0, -0.0, -0.0, 0.0, 0.0, 0.967751, 0.251911, 0.05, 0.0, -0.251911, 0.96775, 0.0, 0.0, 0.0, 0.0, 1.0],
                [1.0, -0.0, -0.0, 0.0, 0.0, 0.967751, 0.251911, 0.05, 0.0, -0.251911, 0.96775, 0.0, 0.0, 0.0, 0.0, 1.0]
            ]
        },
        {
            "name": "Chest",
            "time": [0.0, 0.1333, 0.2167, 0.5, 0.5833],
            "transform": [
                [0.993615, 0.069703, -0.088718, 0.0, -0.034796, 0.937322, 0.346722, 0.3, 0.107326, -0.341421, 0.933763, 0.0, 0.0, 0.0, 0.0, 1.0],
                [0.998518, 0.005742, -0.054123, -0.0, -0.010373, 0.996269, -0.085673, 0.3, 0.053429, 0.086107, 0.994852, -0.0, 0.0, 0.0, 0.0, 1.0],
                [0.998518, -0.0, -0.054427, 0.0, -0.010373, 0.98167, -0.190308, 0.3, 0.053429, 0.190591, 0.980214, 0.0, 0.0, 0.0, 0.0, 1.0],
                [0.973183, -0.041251, -0.226305, 0.0, -0.002155, 0.982112, -0.188287, 0.3, 0.230024, 0.183726, 0.955685, 0.0, 0.0, 0.0, 0.0, 1.0],
                [0.973183, -0.041251, -0.226305, 0.0, -0.002155, 0.982112, -0.188287, 0.3, 0.230024, 0.183726, 0.955685, 0.0, 0.0, 0.0, 0.0, 1.0]
            ]
        },
        {
            "name": "Head",
            "time": [0.0, 0.1333, 0.2167, 0.5, 0.5833],
            "transform": [
                [0.937955, 0.211791, 0.274562, 0.0, 0.047474, 0.705913, -0.706706, 0.4, -0.343491, 0.675893, 0.65206, 0.0, 0.0, 0.0, 0.0, 1.0],
                [0.984539, -0.011547, -0.174783, -0.0, -0.136974, 0.571198, -0.809303, 0.4, 0.109181, 0.820731, 0.560785, -0.0, 0.0, 0.0, 0.0, 1.0],
                [0.988798, 0.032313, -0.145724, 0.0, -0.105534, 0.841756, -0.529443, 0.4, 0.105556, 0.53889, 0.835736, -0.0, 0.0, 0.0, 0.0, 1.0],
                [0.994881, 0.092181, 0.041403, 0.0, -0.045492, 0.774415, -0.631041, 0.4, -0.090233, 0.625927, 0.774644, 0.0, 0.0, 0.0, 0.0, 1.0],
                [0.994881, 0.092181, 0.041403, 0.0, -0.045492, 0.774415, -0.631041, 0.4, -0.090233, 0.625927, 0.774644, 0.0, 0.0, 0.0, 0.0, 1.0]
            ]
        },
        {
            "name": "Shoulder_R",
            "time": [0.0, 0.1, 0.1667, 0.5, 0.5833],